Country,End date,Start date,Team,User,User ID
Austria,,5/30/2015,Other,Kiona Sanchez,2617883
Germany,10/16/2014,8/10/2014,Auto-processor,System,2618364
UK,,5/26/2017,Finance,Garrett Richardson,2618845
UK,,5/15/2015,Finance,Vivian Nielsen,2619326
Germany,,9/4/2015,Line management,Kaye Morrow,2619807
Netherlands,,4/1/2015,Other,Cullen Combs,2620288
Germany,4/1/2015,7/24/2014,Line management,Cullen Combs,2620288
Germany,5/1/2015,3/15/2015,Line management,Autumn Higgins,2620769
UK,7/26/2016,6/5/2015,Other,Emmanuel Durham,2621250
UK,4/28/2015,5/24/2014,Other,Oscar Medina,2621731
US,6/26/2016,5/17/2015,Other,Carol Owen,2622212
Austria,1/29/2015,8/15/2014,Other,Summer Bruce,2622693
UK,7/24/2014,5/11/2014,Finance,Cullen Combs,2620288
UK,11/3/2015,4/2/2015,Finance,Medge Patel,2623174
Austria,8/11/2015,7/24/2015,Other,Indigo Daugherty,2623655
Austria,4/3/2016,8/25/2015,Other,Veronica Spears,2624136
France,8/11/2015,3/3/2015,Other,Mona Sargent,2624617
Switzerland,,12/13/2015,Purchasing,Kylie Guy,2625098
Germany,1/11/2016,7/4/2015,Line management,Griffin Donaldson,2625579
Switzerland,11/30/2016,11/3/2015,Purchasing,Medge Patel,2623174
Switzerland,9/2/2015,12/21/2014,Purchasing,Adria Franks,2626060
Germany,,3/26/2015,Controlling,Jasmine Snyder,2626541
Germany,1/13/2016,12/17/2014,Other,Chaim Perez,2627022
Netherlands,4/8/2015,12/31/2014,Controlling,Fiona Luna,2627503
Germany,9/27/2014,7/15/2014,Controlling,Macy Hurst,2627984
US,,8/30/2015,Controlling,Eden Morrow,2628465
US,,6/15/2015,Other,Xander Pittman,2628946
Austria,,7/2/2016,Purchasing,Upton Watkins,2629427
US,3/31/2017,12/13/2015,Other,Gary Le,2629908
UK,,11/10/2015,Finance,Thor Mccray,2630389
Austria,9/13/2016,8/1/2015,Purchasing,Michael Castaneda,2630870
France,2/26/2016,9/3/2015,Administration,Hunter Garcia,2631351
Netherlands,1/12/2017,5/10/2016,Purchasing,Rebecca Love,2631832
Netherlands,10/5/2017,2/18/2017,Other,Alden Baxter,2632313
France,7/19/2015,12/13/2014,Administration,Mechelle Koch,2632794
Austria,,7/15/2015,Other,Aaron Downs,2633275
Austria,9/1/2015,7/11/2015,Purchasing,Uma Rocha,2633756
Germany,,12/20/2016,Controlling,John Tanner,2634237
Austria,11/19/2014,6/3/2014,Other,Natalie Bowen,2634718
Germany,12/31/2015,4/8/2015,Controlling,Fiona Luna,2627503
Germany,1/30/2015,6/30/2014,Controlling,Clio Butler,2635199
Netherlands,8/13/2016,12/11/2015,Purchasing,Alan Boyer,2635680
US,,9/19/2017,Controlling,Myra Valentine,2636161
UK,2/2/2016,2/17/2015,Purchasing,Shoshana Malone,2636642
US,1/23/2017,3/21/2016,Controlling,Hashim Salinas,2637123
US,12/13/2015,11/16/2014,Controlling,Gary Le,2629908
Austria,3/15/2015,10/25/2014,Other,Vivian Nielsen,2619326
UK,10/21/2015,5/1/2015,Financial approval,Lunea Fitzgerald,2637604
Germany,,12/20/2016,Line management,Lars Walker,2638085
France,6/28/2016,11/1/2015,Other,Ruby Rojas,2638566
France,5/20/2016,5/30/2015,Other,Kieran Mclaughlin,2639047
Germany,12/26/2014,4/5/2014,Line management,Kiona Sanchez,2617883
Austria,,1/24/2016,Other,System,2618364
Germany,11/7/2014,4/18/2014,Purchasing,Eaton Hyde,2639528
US,11/30/2014,10/25/2014,Other,Walter Mack,2640009
Germany,10/9/2016,4/14/2016,Other,Inez Burns,2640490
Germany,12/3/2015,8/18/2015,Other,Murphy Hopper,2640971
Netherlands,,12/31/2015,Financial approval,Fiona Luna,2627503
UK,,7/25/2016,Other,Naida Ortiz,2641452
Netherlands,11/12/2015,5/1/2015,Financial approval,Autumn Higgins,2620769
UK,,6/4/2015,Finance,Claire Frost,2641933
UK,12/13/2015,7/13/2015,Finance,Kylie Guy,2625098
UK,5/10/2016,3/28/2015,Finance,Rebecca Love,2631832
Germany,,11/30/2016,Financial approval,Medge Patel,2623174
France,1/24/2016,10/16/2014,Administration,System,2618364
France,9/2/2014,8/31/2014,Administration,Aaron Downs,2633275
Germany,5/16/2015,4/7/2015,Financial approval,Neil Vega,2642414
Austria,,3/23/2017,Other,Emery Clark,2642895
Germany,8/21/2014,5/22/2014,Line management,Eden Morrow,2628465
Austria,9/6/2015,12/15/2014,Other,Xerxes Espinoza,2643376
UK,9/4/2015,6/22/2015,Controlling,Kaye Morrow,2619807
UK,,8/13/2016,Other,Alan Boyer,2635680
Austria,1/1/2016,2/24/2015,Other,Morgan Whitfield,2643857
Austria,,10/8/2016,Other,Kyla Jackson,2644338
UK,5/7/2016,3/16/2015,Other,Roanna Parsons,2644819
Austria,1/13/2017,1/1/2016,Other,Morgan Whitfield,2643857
Netherlands,,1/4/2016,Other,Diana Vincent,2645300
Germany,9/30/2016,6/8/2015,Other,Jermaine Fernandez,2645781
Netherlands,10/24/2016,11/9/2015,Other,Tyler Small,2646262
Netherlands,6/5/2015,10/24/2014,Other,Emmanuel Durham,2621250
UK,,9/30/2017,Finance,Selma Griffin,2646743
Austria,7/11/2015,6/28/2014,Other,Raymond Mercado,2647224
Austria,,11/12/2015,Other,Autumn Higgins,2620769
Netherlands,,1/12/2017,Other,Rebecca Love,2631832
France,10/5/2015,7/15/2014,Financial approval,Norman Calhoun,2647705
Austria,6/22/2015,9/17/2014,Other,Kaye Morrow,2619807
Netherlands,2/17/2016,3/16/2015,Other,Haviva Hernandez,2648186
Austria,4/22/2016,2/12/2015,Other,Emery Clark,2642895
US,8/15/2016,10/14/2015,Controlling,Knox Gonzalez,2648667
Austria,,8/29/2016,Other,Jack Maynard,2649148
Switzerland,,9/1/2015,Financial approval,Uma Rocha,2633756
Austria,3/17/2017,2/26/2016,Other,Hunter Garcia,2631351
Switzerland,1/23/2015,1/7/2015,Financial approval,Kirk Winters,2649629
Netherlands,5/23/2016,1/2/2016,Line management,Jemima Woods,2650110
France,,6/7/2016,Administration,Kelsey Hoover,2650591
UK,6/4/2015,6/27/2014,Other,Claire Frost,2641933
UK,10/4/2015,11/6/2014,Other,Kay Farley,2651072
Germany,,12/20/2016,Other,Tarik Cohen,2651553
Austria,11/18/2015,9/12/2015,Other,Abraham Gomez,2652034
Germany,10/26/2016,11/23/2015,Other,Taylor Nixon,2652515
US,,10/24/2016,Financial approval,Tyler Small,2646262
Netherlands,5/30/2015,2/12/2015,Other,Yolanda Mcneil,2652996
US,4/10/2015,1/30/2015,Financial approval,Clio Butler,2635199
US,12/15/2014,10/11/2014,Financial approval,Xerxes Espinoza,2643376
Switzerland,,3/17/2017,Other,Hunter Garcia,2631351
Germany,3/2/2016,8/20/2015,Other,Lester Conley,2653477
UK,7/13/2015,5/29/2015,Other,Kylie Guy,2625098
Switzerland,,4/28/2017,Other,Ciaran Mitchell,2653958
France,12/15/2015,6/28/2015,Administration,Tarik Cohen,2651553
Switzerland,9/11/2016,4/16/2016,Other,Blaze Barber,2654439
Switzerland,,7/8/2016,Purchasing,Caesar Donaldson,2654920
Austria,6/25/2015,9/27/2014,Other,Macy Hurst,2627984
Austria,6/21/2015,1/18/2015,Other,Celeste Sharp,2655401
UK,,8/12/2016,Other,Justine Monroe,2655882
Austria,7/20/2016,5/31/2016,Other,Colorado Trevino,2656363
Switzerland,,6/30/2017,Other,Keefe Rasmussen,2656844
US,12/24/2015,4/28/2015,Other,Oscar Medina,2621731
Switzerland,11/27/2016,2/19/2016,Other,Paula Duffy,2657325
Switzerland,12/5/2015,6/13/2015,Other,Caesar Donaldson,2654920
UK,12/11/2015,10/28/2014,Controlling,Alan Boyer,2635680
Germany,,10/5/2017,Other,Alden Baxter,2632313
France,2/12/2016,9/17/2015,Other,Renee Turner,2657806
Switzerland,,1/27/2016,Purchasing,Tanner Wiggins,2658287
Netherlands,7/11/2016,1/24/2016,Other,Steven Strong,2658768
Netherlands,5/19/2016,7/20/2015,Other,Hammett Herman,2659249
France,,8/27/2016,Other,Aladdin Middleton,2659730
Austria,1/6/2016,3/18/2015,Financial approval,Daphne Gordon,2660211
France,,1/23/2016,Other,Daphne Gordon,2660211
France,7/17/2015,2/27/2015,Other,Quintessa Crosby,2660692
Germany,3/21/2016,1/12/2016,Other,Hashim Salinas,2637123
France,12/31/2015,10/28/2014,Other,Keith Perez,2661173
Austria,6/9/2015,11/21/2014,Other,Amir Gallegos,2661654
Germany,4/21/2016,5/16/2015,Other,Neil Vega,2642414
Germany,,5/21/2015,Finance,Colorado Ferrell,2662135
Netherlands,12/14/2015,7/1/2015,Other,Sara Salas,2662616
Netherlands,3/16/2016,1/2/2016,Other,Griffith Stuart,2663097
Germany,7/1/2015,1/27/2015,Finance,Sara Salas,2662616
Switzerland,6/16/2016,11/27/2015,Other,Imelda Pope,2663578
Austria,5/10/2015,3/28/2015,Other,Jason Munoz,2664059
Germany,3/24/2016,12/18/2014,Line management,Jamal Clarke,2664540
Germany,,3/3/2017,Controlling,Nissim Combs,2665021
Germany,,9/8/2016,Line management,Carla Hanson,2665502
Austria,4/27/2016,2/3/2016,Other,Alfreda Harrell,2665983
Netherlands,,6/25/2015,Other,Macy Hurst,2627984
Austria,8/30/2015,8/21/2014,Other,Eden Morrow,2628465
Austria,6/21/2016,4/21/2015,Other,Nissim Combs,2665021
Austria,6/26/2017,5/26/2016,Other,Upton Mosley,2666464
Austria,2/16/2016,8/22/2015,Other,Micah Berger,2666945
Netherlands,,7/31/2016,Other,Urielle Schultz,2667426
US,12/20/2016,4/10/2016,Financial approval,Lars Walker,2638085
US,8/13/2015,12/11/2014,Financial approval,Naida Ortiz,2641452
Netherlands,10/19/2015,7/26/2015,Other,Briar Wells,2667907
Netherlands,11/23/2016,1/11/2016,Other,Griffin Donaldson,2625579
Austria,,9/25/2016,Other,Haviva Hernandez,2648186
Austria,7/5/2016,10/10/2015,Other,Carolyn Mullins,2668388
Switzerland,3/1/2015,12/12/2014,Financial approval,Blythe Carpenter,2668869
France,,3/6/2016,Other,McKenzie Wells,2669350
UK,7/8/2016,12/5/2015,Finance,Caesar Donaldson,2654920
UK,3/30/2016,7/14/2015,Finance,Dennis Robertson,2669831
Germany,12/9/2016,12/31/2015,Controlling,Keith Perez,2661173
Germany,5/14/2016,2/13/2016,Controlling,Cruz Abbott,2670312
UK,1/27/2016,1/9/2015,Other,Nathan Lewis,2670793
Netherlands,,3/21/2016,Purchasing,Mikayla Fields,2671274
Switzerland,,4/4/2016,Financial approval,Lunea Fitzgerald,2637604
Netherlands,7/15/2015,9/2/2014,Purchasing,Aaron Downs,2633275
Netherlands,2/18/2017,1/29/2016,Purchasing,Alden Baxter,2632313
Germany,,5/11/2016,Other,Blythe Carpenter,2668869
UK,12/1/2014,11/26/2014,Other,Ashely Sutton,2671755
UK,9/22/2016,9/23/2015,Other,Phelan Quinn,2672236
Switzerland,2/17/2017,2/11/2016,Purchasing,Nathaniel Russell,2672717
Netherlands,,11/13/2016,Other,Gil Bush,2673198
Netherlands,1/23/2016,1/6/2016,Other,Daphne Gordon,2660211
Netherlands,2/8/2015,11/7/2014,Other,Giacomo Noel,2673679
Netherlands,2/29/2016,7/3/2015,Other,Bell Blevins,2674160
UK,,11/12/2015,Other,Jael Small,2674641
Germany,,8/16/2015,Controlling,Yolanda Mcneil,2652996
Austria,9/17/2016,7/25/2015,Purchasing,John Tanner,2634237
Germany,2/5/2016,10/4/2015,Controlling,Kay Farley,2651072
Netherlands,3/9/2017,5/14/2016,Purchasing,Cruz Abbott,2670312
Netherlands,3/13/2017,2/6/2016,Purchasing,Myra Valentine,2636161
Austria,,9/6/2015,Other,Xerxes Espinoza,2643376
Netherlands,4/7/2016,3/30/2016,Other,Dennis Robertson,2669831
Netherlands,6/11/2016,3/26/2016,Other,Cadman Brown,2675122
Netherlands,,5/1/2016,Other,Celeste Sharp,2655401
Austria,,3/9/2017,Other,Cruz Abbott,2670312
Switzerland,1/15/2016,4/6/2015,Other,Dalton Giles,2675603
Netherlands,5/26/2016,11/14/2015,Other,Upton Mosley,2666464
Switzerland,7/25/2015,7/30/2014,Purchasing,Sophia Stein,2676084
Switzerland,8/30/2015,7/12/2015,Purchasing,Aladdin Middleton,2659730
UK,,11/23/2016,Other,Griffin Donaldson,2625579
France,4/10/2016,9/19/2015,Finance,Lars Walker,2638085
UK,6/18/2015,10/18/2014,Other,Summer Holcomb,2676565
Switzerland,,12/24/2015,Purchasing,Oscar Medina,2621731
Germany,7/19/2016,4/7/2015,Other,Anthony Mcguire,2677046
Switzerland,,1/13/2017,Other,Morgan Whitfield,2643857
Switzerland,5/21/2016,9/2/2015,Purchasing,Adria Franks,2626060
Switzerland,3/26/2016,3/25/2016,Purchasing,Justine Monroe,2655882
UK,,5/10/2017,Other,Beverly Gonzales,2677527
Austria,,2/15/2016,Other,Tatyana Howe,2678008
UK,5/21/2015,7/23/2014,Other,Colorado Ferrell,2662135
Austria,,3/3/2016,Other,Nathan Lewis,2670793
Austria,3/3/2017,6/21/2016,Other,Nissim Combs,2665021
Austria,9/2/2016,5/30/2016,Other,Rowan Curry,2678489
US,,9/23/2015,Other,Natalie Bowen,2634718
US,2/15/2016,8/29/2015,Controlling,Tatyana Howe,2678008
US,8/6/2017,8/15/2016,Other,Knox Gonzalez,2648667
US,6/13/2015,4/13/2015,Other,Wendy Munoz,2678970
US,4/13/2015,8/2/2014,Other,Wendy Munoz,2678970
Switzerland,,8/6/2017,Other,Knox Gonzalez,2648667
Switzerland,,11/7/2014,Other,Barrett Witt,2679451
Switzerland,5/30/2015,12/26/2014,Other,Kiona Sanchez,2617883
Switzerland,10/30/2014,7/11/2014,Other,Barrett Witt,2679451
US,11/7/2014,10/30/2014,Other,Barrett Witt,2679451
Netherlands,6/15/2015,2/3/2015,Other,Xander Pittman,2628946
Germany,,2/13/2015,Other,Mallory Henry,2679932
Germany,7/30/2016,9/11/2015,Other,Rogan Campbell,2680413
Germany,9/11/2015,1/12/2015,Other,Rogan Campbell,2680413
Netherlands,,7/30/2016,Other,Rogan Campbell,2680413
Netherlands,2/6/2016,7/9/2015,Other,Shay Christensen,2680894
France,,3/24/2016,Other,Aurelia Morrow,2681375
Netherlands,8/28/2015,5/31/2015,Other,Aurelia Morrow,2681375
US,2/3/2015,12/5/2014,Other,Xander Pittman,2628946
Germany,,11/3/2015,Controlling,Quon Jefferson,2681856
Switzerland,,4/21/2016,Purchasing,Neil Vega,2642414
France,7/9/2015,6/14/2014,Other,Shay Christensen,2680894
UK,,4/10/2015,Other,Clio Butler,2635199
Switzerland,7/9/2016,6/8/2015,Purchasing,Gil Bush,2673198
Netherlands,,10/6/2015,Other,Norman Calhoun,2647705
UK,4/3/2016,1/27/2015,Other,Tamara Aguilar,2682337
Germany,3/17/2016,12/7/2014,Other,Garrett Richardson,2618845
US,,6/27/2016,Purchasing,Micah Munoz,2682818
US,11/12/2015,7/31/2015,Other,Yoko Salas,2683299
US,,5/27/2016,Purchasing,Laurel Ware,2683780
Netherlands,,7/31/2016,Other,Ignacia Taylor,2684261
Germany,4/16/2016,4/6/2015,Purchasing,Blaze Barber,2654439
US,5/13/2016,7/11/2015,Purchasing,Ignacia Taylor,2684261
Netherlands,5/25/2015,11/20/2014,Other,Brady Wilson,2684742
Germany,7/16/2015,9/27/2014,Other,Wesley Preston,2685223
UK,9/7/2016,5/27/2015,Other,Jared Cotton,2685704
Switzerland,3/3/2016,1/27/2016,Other,Nathan Lewis,2670793
Switzerland,2/19/2016,5/10/2015,Other,Cecilia Kline,2686185
Germany,,9/12/2014,Other,Grant Douglas,2686666
Germany,9/17/2015,10/29/2014,Other,Ivan Wilkerson,2687147
Switzerland,,1/23/2017,Other,Hashim Salinas,2637123
Netherlands,,9/30/2015,Other,Wesley Preston,2685223
Germany,,12/12/2015,Other,Brady Wilson,2684742
Netherlands,9/12/2014,8/20/2014,Other,Grant Douglas,2686666
Netherlands,1/2/2015,11/16/2014,Other,Lilah Olsen,2687628
Germany,4/9/2015,12/3/2014,Other,Kenneth Beard,2688109
US,3/25/2015,2/24/2015,Other,Maryam Beard,2688590
UK,,11/27/2016,Other,Paula Duffy,2657325
UK,,6/18/2015,Other,Summer Holcomb,2676565
US,10/18/2014,5/5/2014,Purchasing,Summer Holcomb,2676565
UK,,2/10/2016,Other,Hayfa Bright,2689071
UK,9/2/2014,5/9/2014,Other,Carolyn Silva,2689552
Germany,,12/7/2017,Other,Jared Cotton,2685704
Switzerland,12/7/2017,9/7/2016,Other,Jared Cotton,2685704
Switzerland,8/20/2014,6/21/2014,Other,Grant Douglas,2686666
Germany,5/21/2016,7/14/2015,Other,Vaughan Waller,2690033
France,8/28/2016,5/19/2015,Other,Samuel Carter,2690514
Netherlands,9/30/2015,7/16/2015,Purchasing,Wesley Preston,2685223
Netherlands,,6/24/2017,Purchasing,Meghan Summers,2690995
UK,12/15/2016,8/28/2015,Other,Selma Griffin,2646743
Netherlands,,11/7/2016,Other,Germane Castro,2691476
Germany,3/26/2016,8/17/2015,Other,Aaron Chaney,2691957
Germany,10/13/2015,11/25/2014,Other,Wallace Mcgee,2692438
Netherlands,7/18/2015,11/16/2014,Other,Lael Ingram,2692919
Netherlands,4/4/2016,10/21/2015,Other,Lunea Fitzgerald,2637604
Netherlands,12/4/2014,10/11/2014,Other,Mallory Henry,2679932
US,5/15/2017,12/4/2016,Other,Ali Wood,2693400
US,4/24/2015,10/19/2014,Other,Thor Mccray,2630389
Germany,12/4/2016,8/17/2015,Other,Ali Wood,2693400
Switzerland,,3/31/2017,Other,Gary Le,2629908
Switzerland,11/8/2014,10/14/2014,Other,Eagan Boyer,2693881
Switzerland,1/29/2017,12/13/2015,Other,Chaney Salas,2694362
Switzerland,3/14/2016,6/15/2015,Other,Dominique Terrell,2694843
Austria,,10/20/2014,Other,Iliana Shepard,2695324
France,1/25/2015,10/4/2014,Other,Quon Jefferson,2681856
US,,12/3/2016,Purchasing,Michael Castaneda,2630870
Germany,12/3/2016,9/13/2016,Other,Michael Castaneda,2630870
US,3/1/2017,3/2/2016,Purchasing,Lester Conley,2653477
Germany,7/31/2016,5/13/2016,Purchasing,Ignacia Taylor,2684261
France,,9/11/2016,Other,Blaze Barber,2654439
Netherlands,,5/25/2017,Other,Samuel Carter,2690514
Switzerland,3/26/2015,1/5/2015,Purchasing,Jaden Kent,2695805
Netherlands,6/28/2016,7/17/2015,Other,Lucy Kennedy,2696286
Netherlands,,7/19/2015,Other,Mechelle Koch,2632794
Austria,5/12/2016,2/7/2015,Other,Rhoda Mcbride,2696767
France,7/17/2015,6/17/2014,Other,Lucy Kennedy,2696286
Netherlands,12/13/2014,10/15/2014,Other,Mechelle Koch,2632794
US,,5/21/2016,Other,Adria Franks,2626060
Switzerland,2/2/2016,4/26/2015,Other,Allegra Briggs,2697248
Germany,1/28/2016,11/21/2014,Other,Reuben Chen,2697729
Austria,,10/26/2016,Other,Taylor Nixon,2652515
US,,9/14/2014,Other,Tasha Owens,2698210
US,10/31/2014,9/26/2014,Other,Vaughan Keith,2698691
France,,10/24/2015,Other,Cadman Le,2699172
Switzerland,9/24/2016,7/27/2016,Other,Nelle Thompson,2699653
Netherlands,,8/13/2016,Other,Josiah Beard,2700134
Switzerland,,10/2/2015,Other,Kevyn Pickett,2700615
Netherlands,1/20/2016,12/28/2014,Other,Dominique Mendoza,2701096
Switzerland,3/21/2017,3/16/2016,Other,Griffith Stuart,2663097
Austria,,1/20/2016,Other,Dominique Mendoza,2701096
Switzerland,,3/21/2017,Other,Griffith Stuart,2663097
France,,3/10/2015,Other,Keefe Short,2701577
Switzerland,12/14/2016,2/16/2016,Other,Micah Berger,2666945
France,7/21/2015,11/14/2014,Other,Jorden Green,2702058
Austria,4/27/2016,8/11/2015,Other,Mona Sargent,2624617
Germany,9/17/2015,2/15/2015,Other,Alexandra Bradley,2702539
Germany,4/28/2016,2/13/2015,Other,Sylvester Hensley,2703020
France,,6/28/2016,Purchasing,Lucy Kennedy,2696286
Germany,2/6/2016,6/28/2015,Other,Elmo Mccarty,2703501
Germany,9/1/2015,1/1/2015,Other,Tobias Carey,2703982
France,3/24/2016,3/13/2015,Purchasing,Ruth Bell,2704463
Germany,7/25/2016,8/13/2015,Other,Naida Ortiz,2641452
Switzerland,11/28/2015,5/20/2015,Other,Tanek Holman,2704944
Switzerland,6/28/2016,3/11/2015,Other,Chastity Vaughan,2705425
UK,4/10/2016,5/6/2015,Other,Sydney Saunders,2705906
Austria,6/13/2015,2/17/2015,Other,Alyssa Brady,2706387
Austria,5/2/2017,2/2/2016,Other,Shoshana Malone,2636642
Austria,11/1/2015,11/25/2014,Other,Sloane Montoya,2706868
France,2/4/2016,11/1/2015,Administration,Sloane Montoya,2706868
France,7/20/2015,7/16/2015,Administration,Kyla Jackson,2644338
Switzerland,10/6/2015,10/5/2015,Other,Norman Calhoun,2647705
Austria,5/6/2016,9/21/2015,Administration,Brynne Burks,2707349
Austria,12/27/2015,2/22/2015,Administration,Tanner Wiggins,2658287
Netherlands,2/2/2015,9/2/2014,Other,Keefe Short,2701577
France,,9/11/2015,Other,Hamish Poole,2707830
France,6/8/2016,5/11/2015,Other,Serena Ray,2708311
France,12/28/2015,8/3/2015,Other,Lara Orr,2708792
France,10/6/2016,6/8/2016,Other,Serena Ray,2708311
France,,6/17/2016,Other,Lucy Norris,2709273
France,,6/26/2016,Other,Eaton Jensen,2709754
France,11/21/2016,8/7/2015,Other,Zena Rocha,2710235
Netherlands,,4/27/2016,Other,Mona Sargent,2624617
Switzerland,,9/24/2016,Other,Nelle Thompson,2699653
Netherlands,12/24/2014,11/8/2014,Other,Eagan Boyer,2693881
Switzerland,4/5/2016,12/6/2015,Other,Piper Doyle,2710716
Switzerland,1/11/2016,3/9/2015,Other,Grant Little,2711197
Austria,11/1/2016,8/26/2015,Other,Willa Horne,2711678
Netherlands,12/14/2016,5/12/2016,Financial approval,Rhoda Mcbride,2696767
Netherlands,12/10/2015,7/25/2015,Financial approval,Adam Osborne,2712159
Switzerland,,4/7/2016,Other,Kirk Barker,2712640
Germany,4/22/2016,4/16/2015,Other,Samuel Hurley,2713121
Switzerland,6/4/2016,3/13/2015,Other,Brittany Everett,2713602
Switzerland,9/23/2015,1/12/2015,Other,Isaac Cote,2714083
Germany,11/24/2015,3/18/2015,Other,Marshall Harris,2714564
Switzerland,1/3/2017,12/15/2015,Other,Hamilton Mullins,2715045
Switzerland,12/15/2015,1/9/2015,Other,Hamilton Mullins,2715045
Austria,,4/7/2016,Other,Dennis Robertson,2669831
Netherlands,12/6/2015,6/29/2015,Other,Piper Doyle,2710716
Austria,4/22/2016,1/11/2016,Other,Grant Little,2711197
Germany,5/15/2015,3/15/2015,Other,Vivian Nielsen,2619326
Germany,5/30/2015,5/9/2014,Other,Talon Kennedy,2715526
Switzerland,11/12/2014,5/18/2014,Other,Kadeem Rowland,2716007
UK,2/1/2015,11/12/2014,Other,Kadeem Rowland,2716007
UK,11/25/2015,10/24/2014,Other,Hayfa Bright,2689071
Germany,11/9/2015,11/8/2014,Other,Tyler Small,2646262
US,12/3/2014,10/31/2014,Other,Vaughan Keith,2698691
US,,2/16/2016,Other,Tamekah Wilkins,2716488
US,5/31/2015,5/24/2015,Other,Tamekah Wilkins,2716488
Switzerland,12/30/2015,2/24/2015,Other,Colton Juarez,2716969
US,2/19/2016,7/25/2015,Other,Paula Duffy,2657325
France,8/5/2016,12/30/2015,Other,Colton Juarez,2716969
France,6/3/2016,3/31/2015,Other,Macon Graham,2717450
UK,2/4/2015,6/21/2014,Other,Lara Miranda,2717931
US,3/23/2017,4/22/2016,Other,Emery Clark,2642895
US,6/28/2015,7/18/2014,Other,Yardley Conway,2718412
Switzerland,8/5/2014,4/25/2014,Other,Jacob Chandler,2718893
Netherlands,3/29/2016,2/14/2015,Other,Marvin Moreno,2719374
UK,6/28/2015,10/5/2014,Other,Elmo Mccarty,2703501
Netherlands,11/7/2016,9/1/2015,Purchasing,Tobias Carey,2703982
Netherlands,5/8/2016,5/25/2015,Purchasing,Meghan Summers,2690995
Netherlands,9/30/2017,12/15/2016,Purchasing,Selma Griffin,2646743
France,,3/26/2016,Other,Aaron Chaney,2691957
Austria,1/12/2017,12/10/2015,Purchasing,Adam Osborne,2712159
France,12/20/2016,9/17/2016,Other,John Tanner,2634237
Germany,5/17/2017,7/2/2016,Other,Pandora Herring,2719855
Netherlands,6/17/2016,10/13/2015,Other,Wallace Mcgee,2692438
Netherlands,,6/8/2016,Other,Linus Ingram,2720336
US,,6/12/2016,Other,Roanna Parsons,2644819
US,9/3/2015,9/26/2014,Other,Carol Cruz,2720817
France,,11/26/2015,Purchasing,Kadeem Romero,2721298
Switzerland,10/30/2015,11/30/2014,Other,Walter Mack,2640009
Austria,,11/11/2015,Other,Dale Owen,2721779
UK,,4/19/2016,Other,Ruth Bell,2704463
Austria,9/25/2016,2/17/2016,Other,Haviva Hernandez,2648186
Austria,1/7/2015,8/20/2014,Other,Kirk Winters,2649629
UK,7/6/2015,6/9/2014,Other,Macey Perkins,2722260
UK,6/23/2016,2/19/2016,Line management,Cecilia Kline,2686185
UK,,2/3/2016,Line management,Drew Stevenson,2722741
Germany,2/2/2017,3/24/2016,Line management,Jamal Clarke,2664540
Netherlands,,2/2/2017,Other,Jamal Clarke,2664540
UK,2/17/2015,12/25/2014,Line management,Drew Stevenson,2722741
Austria,6/24/2015,8/30/2014,Other,Diana Vincent,2645300
Netherlands,8/7/2015,3/9/2015,Other,Zena Rocha,2710235
Austria,2/24/2015,12/9/2014,Other,Maryam Beard,2688590
UK,12/7/2014,12/1/2014,Other,Karyn Wood,2723222
UK,4/19/2016,3/24/2016,Other,Ruth Bell,2704463
Switzerland,,4/22/2016,Other,Brielle Sweet,2723703
Germany,,11/21/2016,Other,Zena Rocha,2710235
Switzerland,,9/17/2017,Other,Cairo Kerr,2724184
Netherlands,,6/23/2016,Other,Cecilia Kline,2686185
Switzerland,12/11/2015,5/30/2015,Other,Talon Kennedy,2715526
Switzerland,5/28/2015,5/14/2014,Other,Hannah Cooley,2724665
Switzerland,,6/15/2016,Other,Conan Craft,2725146
Austria,11/2/2016,10/19/2015,Other,Quynn Hurley,2725627
Austria,10/25/2014,8/3/2014,Other,Martha Vaughn,2726108
Switzerland,9/5/2014,7/20/2014,Other,Kadeem Howard,2726589
UK,5/11/2016,3/1/2015,Administration,Blythe Carpenter,2668869
UK,3/25/2015,5/20/2014,Administration,Larissa Calderon,2727070
Austria,,12/8/2014,Other,Eaton Hyde,2639528
Switzerland,5/22/2015,5/16/2015,Other,Gil Spencer,2727551
Netherlands,6/27/2014,6/3/2014,Financial approval,Claire Frost,2641933
Austria,11/26/2014,7/28/2014,Other,Kessie Suarez,2728032
France,12/14/2014,5/21/2014,Other,Kevyn Pickett,2700615
Germany,,8/11/2016,Other,Renee Turner,2657806
Austria,6/12/2016,2/2/2016,Other,Allegra Briggs,2697248
Germany,2/10/2015,12/17/2014,Other,Harrison Kline,2728513
Netherlands,,7/11/2016,Other,Steven Strong,2658768
Netherlands,8/31/2016,3/10/2016,Other,Jesse Webster,2728994
Netherlands,2/16/2015,1/22/2015,Other,Asher Marsh,2729475
Netherlands,3/10/2016,2/17/2015,Other,Jesse Webster,2728994
US,10/15/2015,3/13/2015,Other,Vanna Deleon,2729956
Switzerland,11/12/2015,4/28/2015,Financial approval,Jael Small,2674641
Netherlands,,5/23/2016,Other,Jemima Woods,2650110
Netherlands,10/3/2015,7/6/2015,Other,Macey Perkins,2722260
Netherlands,11/7/2014,7/20/2014,Other,Giacomo Noel,2673679
Germany,,1/3/2016,Other,Clark Mercado,2730437
UK,,4/6/2017,Other,Gannon Stone,2730918
Germany,8/2/2015,9/5/2014,Other,Kadeem Howard,2726589
Germany,2/23/2015,12/23/2014,Other,Abdul Bass,2731399
UK,2/8/2015,6/27/2014,Other,Leslie Bruce,2731880
Germany,12/13/2015,8/22/2015,Other,Chaney Salas,2694362
France,5/1/2017,5/20/2016,Other,Kieran Mclaughlin,2639047
Netherlands,,5/1/2017,Purchasing,Kieran Mclaughlin,2639047
Austria,,6/15/2016,Other,Lael Ingram,2692919
UK,,6/17/2016,Other,Wallace Mcgee,2692438
Netherlands,8/17/2015,3/30/2015,Purchasing,Aaron Chaney,2691957
Switzerland,,7/25/2015,Other,Sophia Stein,2676084
France,,8/9/2015,Other,Lana Hutchinson,2732361
Switzerland,10/8/2015,4/5/2015,Other,Shad Terry,2732842
France,7/16/2016,9/23/2015,Other,Isaac Cote,2714083
US,,10/6/2016,Other,Kirestin Casey,2733323
Germany,,2/8/2015,Other,Giacomo Noel,2673679
Netherlands,,8/10/2017,Other,Samuel Hurley,2713121
US,11/26/2014,6/23/2014,Other,Ashely Sutton,2671755
Germany,5/5/2015,7/5/2014,Other,Harlan Woods,2733804
UK,,3/25/2016,Other,Gareth Levy,2734285
France,,5/29/2015,Other,Joy Hall,2734766
Netherlands,2/14/2015,7/18/2014,Other,Joy Hall,2734766
France,6/12/2016,5/7/2016,Other,Roanna Parsons,2644819
France,3/11/2016,6/29/2015,Other,Kirk Barker,2712640
Netherlands,2/13/2015,12/4/2014,Other,Mallory Henry,2679932
Netherlands,8/12/2016,5/23/2015,Other,Byron Roberson,2735247
Austria,,5/20/2017,Other,Regina Sanchez,2735728
Netherlands,,8/21/2016,Other,Byron Roberson,2735247
Austria,5/29/2015,2/14/2015,Other,Joy Hall,2734766
Austria,8/29/2015,3/3/2015,Other,Tatyana Howe,2678008
UK,11/28/2016,7/13/2016,Other,Nehru Cohen,2736209
UK,2/23/2015,7/30/2014,Other,Jaden Lopez,2736690
UK,3/26/2015,2/8/2015,Other,Jasmine Snyder,2626541
UK,7/17/2015,9/22/2014,Other,Vielka Welch,2737171
France,4/11/2015,3/9/2015,Other,Kirby Hubbard,2737652
Netherlands,,7/16/2016,Other,Isaac Cote,2714083
Germany,10/22/2015,10/15/2014,Other,Josiah Armstrong,2738133
Austria,1/20/2015,9/7/2014,Other,Harlan Morrison,2738614
Netherlands,,4/2/2016,Other,Chastity Baird,2739095
Netherlands,10/7/2015,10/5/2015,Other,Gwendolyn Stuart,2739576
Netherlands,3/26/2015,1/7/2015,Other,Anika Wong,2740057
Netherlands,7/26/2016,4/5/2015,Other,Regina Sanchez,2735728
Austria,,12/24/2014,Other,Eagan Boyer,2693881
Netherlands,,10/8/2015,Other,Shad Terry,2732842
UK,11/15/2015,8/28/2014,Other,Vivien Burke,2740538
Netherlands,1/13/2016,7/31/2015,Other,Fatima Ingram,2741019
Netherlands,2/16/2016,2/7/2015,Other,Fatima Donovan,2741500
Austria,4/5/2015,2/2/2015,Other,Shad Terry,2732842
Germany,,5/17/2017,Other,Pandora Herring,2719855
Switzerland,8/11/2016,2/12/2016,Other,Renee Turner,2657806
Germany,,1/3/2017,Purchasing,Hamilton Mullins,2715045
Switzerland,7/23/2017,5/29/2016,Other,Geoffrey Porter,2741981
Switzerland,7/31/2015,9/15/2014,Other,Germane Castro,2691476
Netherlands,12/8/2014,11/7/2014,Other,Eaton Hyde,2639528
US,,7/20/2016,Other,Colorado Trevino,2656363
Netherlands,,11/11/2014,Other,Grady Phelps,2742462
US,8/26/2015,8/5/2015,Other,Willa Horne,2711678
Netherlands,,11/1/2016,Other,Willa Horne,2711678
Austria,9/8/2014,4/28/2014,Other,Cadman Le,2699172
Netherlands,2/16/2016,5/31/2015,Other,Tamekah Wilkins,2716488
Netherlands,8/30/2015,7/29/2014,Other,Caleb Padilla,2742943
Germany,9/7/2015,12/31/2014,Other,Porter Lawrence,2743424
Germany,,2/12/2016,Other,Martha Vaughn,2726108
UK,2/12/2016,10/25/2014,Other,Martha Vaughn,2726108
Switzerland,,10/14/2015,Other,Lisandra Hatfield,2743905
Germany,11/15/2014,6/19/2014,Other,Peter Sosa,2744386
Germany,9/16/2016,8/2/2015,Other,Gannon Stone,2730918
Switzerland,11/11/2015,8/18/2015,Other,Dale Owen,2721779
Switzerland,8/18/2015,8/16/2014,Other,Dale Owen,2721779
Switzerland,12/28/2014,5/23/2014,Other,Dominique Mendoza,2701096
Switzerland,,4/6/2016,Other,Asher Howard,2744867
Switzerland,9/11/2015,8/27/2015,Other,Kimberly Oneill,2745348
Switzerland,3/3/2015,8/27/2014,Other,Jason Leonard,2745829
Switzerland,11/14/2014,6/21/2014,Other,Jorden Green,2702058
Switzerland,6/4/2016,3/8/2015,Other,Alec Dixon,2746310
Austria,3/16/2016,9/12/2015,Other,Ahmed Cross,2746791
Netherlands,11/21/2016,10/1/2015,Other,Boris Manning,2747272
UK,,6/26/2017,Other,Upton Mosley,2666464
Germany,5/14/2015,9/3/2014,Other,Price Henderson,2747753
Germany,5/20/2015,6/27/2014,Other,Tanek Holman,2704944
Austria,10/3/2016,4/10/2016,Other,Sydney Saunders,2705906
Austria,2/15/2016,1/17/2016,Other,Hop Meadows,2748234
Netherlands,,8/2/2016,Purchasing,Melissa Charles,2748715
UK,5/19/2015,3/20/2015,Other,Brian Tanner,2749196
Netherlands,10/8/2016,7/20/2015,Purchasing,Kyla Jackson,2644338
Germany,9/19/2017,3/13/2017,Other,Myra Valentine,2636161
UK,,11/7/2016,Other,Tobias Carey,2703982
Switzerland,3/10/2015,2/2/2015,Other,Keefe Short,2701577
Switzerland,7/5/2014,6/27/2014,Other,Hamish Poole,2707830
UK,6/28/2014,5/23/2014,Other,Hadley Fry,2749677
UK,,9/13/2015,Other,Honorato Holland,2750158
US,5/10/2015,11/7/2014,Other,Simon Booker,2750639
UK,3/11/2017,1/15/2016,Other,Hanae Valentine,2751120
Netherlands,8/26/2016,9/16/2015,Other,Noah Larsen,2751601
Austria,,3/11/2017,Other,Hanae Valentine,2751120
UK,9/16/2015,8/3/2014,Other,Noah Larsen,2751601
Austria,5/21/2015,10/6/2014,Other,Hakeem Dale,2752082
UK,,8/31/2015,Other,Hakeem Dale,2752082
UK,7/16/2015,12/21/2014,Other,Wing Strickland,2752563
Austria,,2/4/2015,Other,Lara Miranda,2717931
UK,7/3/2015,5/8/2015,Other,Lisandra Hatfield,2743905
US,11/21/2015,2/4/2015,Other,Ulric Rowland,2753044
Netherlands,,4/28/2016,Financial approval,Addison Hancock,2753525
Austria,7/28/2016,10/15/2015,Other,Vanna Deleon,2729956
Austria,7/11/2015,8/24/2014,Other,Uma Rocha,2633756
UK,,1/12/2017,Administration,Adam Osborne,2712159
US,11/13/2016,7/9/2016,Other,Gil Bush,2673198
US,,4/2/2015,Other,Venus Hayes,2754006
Switzerland,1/21/2016,3/25/2015,Other,Larissa Calderon,2727070
Switzerland,12/8/2015,7/23/2015,Other,Addison Houston,2754487
Austria,2/15/2015,12/8/2014,Other,Alexandra Bradley,2702539
Germany,9/5/2016,4/28/2016,Other,Sylvester Hensley,2703020
Germany,,3/1/2017,Purchasing,Lester Conley,2653477
Germany,,2/1/2015,Purchasing,Kadeem Rowland,2716007
Germany,9/23/2015,11/19/2014,Purchasing,Natalie Bowen,2634718
Germany,7/8/2016,9/26/2015,Purchasing,Blake Hebert,2754968
UK,,7/8/2016,Other,Blake Hebert,2754968
Germany,9/26/2015,6/21/2014,Purchasing,Blake Hebert,2754968
UK,9/8/2016,6/4/2016,Other,Brittany Everett,2713602
UK,,8/13/2015,Other,Leslie Bruce,2731880
Switzerland,8/14/2016,10/2/2015,Other,Cassidy Anthony,2755449
Switzerland,2/7/2015,11/9/2014,Other,Cairo Cannon,2755930
Germany,,3/31/2017,Other,Demetrius Mitchell,2756411
Netherlands,2/25/2016,7/19/2015,Other,Prescott Jefferson,2756892
Germany,5/25/2017,8/28/2016,Other,Samuel Carter,2690514
US,,11/17/2015,Other,Ivan Wilkerson,2687147
France,7/31/2016,4/23/2016,Other,William Marquez,2757373
UK,,1/23/2017,Other,Quincy Cooke,2757854
France,,7/28/2016,Other,Vanna Deleon,2729956
UK,,11/25/2016,Other,Branden Blackwell,2758335
Austria,,8/26/2016,Other,Noah Larsen,2751601
Germany,,12/14/2016,Other,Pearl Delgado,2758816
Austria,,4/6/2015,Other,Slade Weber,2759297
Austria,6/4/2015,9/9/2014,Other,Oliver Berry,2759778
Germany,,7/8/2016,Other,Talon Parks,2760259
Austria,4/6/2016,5/30/2015,Other,Addison Hancock,2753525
Switzerland,,8/2/2015,Other,Kadeem Howard,2726589
Germany,6/24/2015,5/26/2015,Other,Quinn Valencia,2760740
Switzerland,1/5/2015,8/5/2014,Other,Jacob Chandler,2718893
Netherlands,9/11/2015,7/5/2014,Line management,Hamish Poole,2707830
Switzerland,6/7/2016,6/23/2015,Other,Kelsey Hoover,2650591
France,,7/13/2016,Other,Irma Oneal,2761221
UK,,9/22/2016,Other,Wylie George,2761702
France,7/27/2014,6/13/2014,Other,Nerea Merritt,2762183
UK,11/16/2015,10/15/2015,Other,Kennedy Hurst,2762664
Netherlands,,3/6/2017,Other,Jane Vinson,2763145
Switzerland,2/1/2016,11/13/2014,Other,Colorado Whitney,2763626
Switzerland,,10/7/2015,Other,Gwendolyn Stuart,2739576
Germany,12/14/2016,10/19/2015,Other,Briar Wells,2667907
UK,,5/15/2017,Other,Ali Wood,2693400
Netherlands,9/13/2015,4/27/2015,Other,Honorato Holland,2750158
Netherlands,3/12/2015,2/1/2015,Other,Eaton Jensen,2709754
UK,,11/2/2016,Other,Quynn Hurley,2725627
Switzerland,,4/21/2017,Other,Unity Walsh,2764107
UK,2/28/2015,1/6/2015,Other,Anne Foley,2764588
US,,7/14/2016,Other,Callie Hoffman,2765069
Netherlands,,11/20/2016,Line management,Chastity Vaughan,2705425
France,10/24/2015,1/30/2015,Other,Pearl Delgado,2758816
Netherlands,11/21/2016,11/12/2015,Line management,Yoko Salas,2683299
Netherlands,6/23/2015,7/1/2014,Line management,Kelsey Hoover,2650591
Netherlands,,1/13/2016,Other,Chaim Perez,2627022
Netherlands,7/5/2016,5/17/2015,Other,Cole Church,2765550
Austria,,6/19/2016,Other,Skyler Dale,2766031
Germany,2/8/2016,12/31/2014,Other,Omar Morris,2766512
Germany,,7/8/2016,Other,Omar Morris,2766512
UK,,3/25/2015,Purchasing,Maryam Beard,2688590
Netherlands,7/26/2015,3/4/2015,Other,Linus Ingram,2720336
UK,7/8/2016,10/30/2015,Purchasing,Talon Parks,2760259
Austria,,5/2/2017,Other,Shoshana Malone,2636642
Netherlands,,10/3/2016,Other,Maxwell Blankenship,2766993
France,1/20/2015,7/13/2014,Other,Rhea Sanders,2767474
UK,,11/29/2015,Other,Clio Long,2767955
Netherlands,1/15/2016,6/25/2015,Other,Hanae Valentine,2751120
UK,11/10/2015,4/24/2015,Other,Thor Mccray,2630389
Switzerland,9/2/2017,6/23/2016,Purchasing,Tashya Shepard,2768436
Switzerland,1/22/2016,3/26/2015,Purchasing,Jaden Kent,2695805
Germany,,1/22/2016,Other,Jaden Kent,2695805
US,11/23/2015,1/6/2015,Other,Taylor Nixon,2652515
Germany,8/10/2017,4/22/2016,Other,Samuel Hurley,2713121
Germany,1/24/2016,12/30/2014,Other,Steven Strong,2658768
US,3/29/2017,9/30/2016,Other,Jermaine Fernandez,2645781
US,1/22/2016,1/16/2015,Other,Stuart Hester,2768917
UK,6/14/2017,6/16/2016,Other,Imelda Pope,2663578
Germany,4/6/2016,4/2/2015,Other,Asher Howard,2744867
Netherlands,2/16/2015,11/14/2014,Other,Emmanuel Carney,2769398
US,8/16/2015,5/30/2015,Other,Yolanda Mcneil,2652996
US,11/8/2015,8/1/2014,Other,Donna Taylor,2769879
UK,,3/26/2017,Other,Marvin Moreno,2719374
Netherlands,,1/21/2016,Other,Larissa Calderon,2727070
UK,2/19/2016,3/14/2015,Other,Unity Walsh,2764107
UK,,1/29/2016,Other,Anne Foley,2764588
Netherlands,11/20/2014,6/12/2014,Other,Aidan Dawson,2770360
Austria,,7/9/2015,Other,Blair Bass,2770841
UK,,9/2/2017,Other,Tashya Shepard,2768436
UK,8/28/2015,5/13/2015,Other,Laurel Ware,2683780
Netherlands,,1/23/2015,Other,Kirk Winters,2649629
Switzerland,,10/3/2015,Other,Macey Perkins,2722260
UK,11/19/2015,11/26/2014,Other,Brielle Sweet,2723703
Switzerland,11/4/2015,3/31/2015,Other,Lareina Carney,2771322
UK,,12/30/2016,Other,Colorado Whitney,2763626
France,12/12/2015,5/25/2015,Other,Brady Wilson,2684742
France,1/29/2016,4/28/2015,Other,Mohammad Nixon,2771803
UK,12/19/2015,11/7/2014,Other,Deborah Sweet,2772284
US,,1/12/2015,Other,Sonya Hines,2772765
Germany,11/14/2014,7/13/2014,Other,Emmanuel Carney,2769398
Switzerland,11/11/2016,8/9/2015,Other,Cairo Kerr,2724184
UK,11/23/2015,10/20/2014,Other,Yen Dunlap,2773246
US,,2/13/2016,Other,Pamela William,2773727
Switzerland,2/13/2016,11/22/2015,Other,Pamela William,2773727
US,,9/8/2016,Other,Brittany Everett,2713602
US,4/30/2016,7/14/2015,Other,Timon Kirkland,2774208
US,11/16/2015,9/16/2014,Other,Raymond Mcgee,2774689
Netherlands,,8/4/2015,Other,Sylvia Ayers,2775170
France,,11/8/2015,Other,Donna Taylor,2769879
France,6/7/2016,6/6/2015,Other,Quamar Chavez,2775651
France,,9/11/2015,Other,Kimberly Oneill,2745348
Switzerland,8/13/2015,2/8/2015,Other,Leslie Bruce,2731880
France,1/2/2017,2/25/2016,Other,Gray Berg,2776132
France,5/4/2016,1/29/2016,Other,Mohammad Nixon,2771803
Netherlands,1/23/2017,12/10/2015,Other,Quincy Cooke,2757854
Netherlands,2/5/2016,10/30/2014,Other,Andrew Howe,2776613
UK,1/24/2016,8/8/2015,Purchasing,Gillian Powers,2777094
Austria,6/19/2016,9/18/2015,Other,Skyler Dale,2766031
Austria,9/2/2016,6/28/2015,Other,Colette Chapman,2777575
UK,1/12/2016,9/27/2015,Other,Kareem Bass,2778056
France,,6/25/2016,Other,Jasmine Yang,2778537
Netherlands,,10/2/2015,Other,Simon Booker,2750639
France,6/23/2016,12/28/2015,Other,Lara Orr,2708792
Germany,,6/28/2016,Other,Ruby Rojas,2638566
Netherlands,3/31/2015,8/29/2014,Other,Lareina Carney,2771322
France,11/1/2015,5/23/2015,Other,Ruby Rojas,2638566
Germany,10/25/2014,7/23/2014,Other,William Dejesus,2779018
Switzerland,11/7/2016,7/31/2015,Purchasing,Germane Castro,2691476
Austria,8/27/2016,8/30/2015,Other,Aladdin Middleton,2659730
UK,,12/28/2016,Other,Lucas Alston,2779499
Germany,4/4/2016,11/17/2015,Other,Kirk Blackwell,2779980
Germany,11/17/2015,3/10/2015,Other,Kirk Blackwell,2779980
France,,2/5/2016,Administration,Kay Farley,2651072
Switzerland,,9/29/2015,Other,Cleo Mckinney,2780461
France,8/12/2015,3/20/2015,Administration,Cleo Mckinney,2780461
Switzerland,9/29/2015,8/12/2015,Other,Cleo Mckinney,2780461
Austria,,1/2/2017,Other,Gray Berg,2776132
France,,10/20/2016,Other,Tanner Park,2780942
Austria,4/28/2016,4/6/2016,Other,Addison Hancock,2753525
France,5/4/2016,7/11/2015,Other,Raymond Mercado,2647224
Austria,,10/6/2016,Other,Serena Ray,2708311
Germany,1/9/2016,10/23/2015,Other,Oprah Clements,2781423
Austria,11/17/2015,9/17/2015,Other,Ivan Wilkerson,2687147
UK,12/17/2016,4/3/2016,Other,Veronica Spears,2624136
Austria,4/22/2016,11/19/2015,Other,Brielle Sweet,2723703
Germany,,6/20/2015,Other,Oliver Berry,2759778
Netherlands,11/2/2015,10/4/2014,Other,Micah Munoz,2682818
Germany,8/12/2016,3/26/2016,Other,Justine Monroe,2655882
Germany,,9/3/2016,Other,Marshall Harris,2714564
Netherlands,7/24/2015,2/25/2015,Other,Willa Spence,2781904
Germany,12/28/2016,8/29/2016,Other,Lucas Alston,2779499
Netherlands,,4/4/2016,Other,Kirk Blackwell,2779980
Netherlands,5/31/2016,4/6/2015,Other,Colorado Trevino,2656363
Austria,,6/15/2015,Other,Samantha Beach,2782385
Netherlands,4/11/2015,7/6/2014,Other,William Pickett,2782866
France,10/27/2014,10/4/2014,Other,Samantha Beach,2782385
Austria,,10/19/2015,Other,Kessie Suarez,2728032
France,9/7/2017,7/5/2016,Other,Carolyn Mullins,2668388
France,,12/30/2014,Other,Madaline Alston,2783347
Netherlands,,9/7/2017,Other,Carolyn Mullins,2668388
Switzerland,,2/17/2017,Other,Nathaniel Russell,2672717
US,11/5/2015,9/8/2014,Other,Ulric Gutierrez,2783828
Germany,,6/30/2015,Other,Rigel Kline,2784309
Switzerland,,6/14/2017,Financial approval,Imelda Pope,2663578
UK,3/5/2016,7/29/2015,Other,Ralph Clarke,2784790
Germany,2/11/2016,8/17/2015,Other,Nathaniel Russell,2672717
Switzerland,1/2/2016,5/7/2015,Financial approval,Jemima Woods,2650110
Netherlands,,11/12/2016,Other,Sebastian Hamilton,2785271
UK,11/12/2016,1/8/2016,Other,Sebastian Hamilton,2785271
UK,4/28/2015,10/12/2014,Other,Nadine King,2785752
Netherlands,7/1/2014,6/16/2014,Other,Ciaran Floyd,2786233
UK,3/21/2016,5/9/2015,Other,Amanda Glenn,2786714
Germany,,7/26/2015,Other,Hadley Fry,2749677
UK,7/11/2015,7/7/2014,Other,Lacey Blair,2787195
France,8/24/2015,8/16/2014,Other,Lucy Norris,2709273
Switzerland,5/6/2015,3/20/2015,Other,Dexter Stark,2787676
Switzerland,,4/22/2016,Other,Grant Little,2711197
UK,3/26/2017,3/29/2016,Other,Marvin Moreno,2719374
US,,8/2/2014,Other,Grady Roberts,2788157
Netherlands,,3/16/2016,Other,Ahmed Cross,2746791
Switzerland,9/12/2015,5/28/2015,Other,Ahmed Cross,2746791
US,1/13/2016,11/14/2014,Other,Zia Carney,2788638
Netherlands,4/14/2016,7/15/2015,Other,Cassandra Frazier,2789119
Switzerland,,1/6/2016,Other,Caleb Padilla,2742943
Germany,5/7/2015,12/27/2014,Other,Justin Hood,2789600
UK,,8/2/2016,Other,Irene Duncan,2790081
Switzerland,2/25/2016,7/24/2015,Other,Gray Berg,2776132
UK,12/31/2016,1/22/2016,Other,Stuart Hester,2768917
Switzerland,7/26/2015,6/28/2014,Other,Hadley Fry,2749677
Switzerland,11/8/2015,11/23/2014,Other,Anthony Reed,2790562
UK,1/18/2017,12/8/2015,Other,Addison Houston,2754487
UK,4/7/2016,8/11/2015,Other,Demetrius Mitchell,2756411
Switzerland,4/7/2016,3/11/2016,Financial approval,Kirk Barker,2712640
Switzerland,8/8/2015,3/29/2015,Financial approval,Gillian Powers,2777094
Germany,,12/31/2016,Other,Stuart Hester,2768917
Austria,2/28/2016,6/4/2015,Other,Dante Holman,2791043
Netherlands,,5/4/2016,Other,Raymond Mercado,2647224
Germany,4/30/2015,4/2/2015,Other,Elton Howard,2791524
Germany,3/21/2016,6/21/2015,Other,Carter Mendez,2792005
UK,7/4/2015,5/26/2014,Other,Jarrod Berry,2792486
UK,7/14/2016,6/28/2015,Other,Callie Hoffman,2765069
Austria,,10/3/2016,Other,Sydney Saunders,2705906
US,,7/21/2015,Other,Jorden Green,2702058
Austria,8/11/2015,6/13/2015,Other,Clio Long,2767955
Switzerland,,5/17/2016,Other,Indigo Daugherty,2623655
US,4/23/2015,12/21/2014,Other,Sylvia Ayers,2775170
Switzerland,10/14/2015,7/3/2015,Other,Lisandra Hatfield,2743905
Austria,,12/17/2016,Other,Channing Patton,2792967
Switzerland,11/5/2015,1/22/2015,Other,Branden Blackwell,2758335
Austria,1/2/2016,8/25/2015,Other,Lewis Hardy,2793448
Germany,,3/30/2017,Other,Colette Chapman,2777575
Austria,8/4/2015,4/23/2015,Other,Sylvia Ayers,2775170
Germany,10/19/2015,11/26/2014,Other,Kessie Suarez,2728032
Germany,5/29/2016,6/11/2015,Other,Geoffrey Porter,2741981
Germany,11/29/2015,8/11/2015,Other,Clio Long,2767955
Germany,8/3/2015,7/15/2015,Other,Kenneth Perez,2793929
UK,10/2/2015,8/3/2015,Other,Kenneth Perez,2793929
UK,9/18/2016,6/24/2015,Other,Jayme Hudson,2794410
France,,11/11/2015,Other,Jaden Lopez,2736690
US,4/5/2015,9/10/2014,Other,Upton Watkins,2629427
Switzerland,11/4/2015,1/15/2015,Other,Alan Hines,2794891
France,5/18/2015,11/24/2014,Other,Mary Bruce,2795372
Austria,,5/29/2015,Other,Hedda Kirk,2795853
Netherlands,3/6/2016,9/12/2015,Other,McKenzie Wells,2669350
Netherlands,10/7/2015,7/9/2015,Other,Astra Wolf,2796334
Switzerland,6/8/2016,2/15/2015,Purchasing,Katell Mayo,2796815
Switzerland,9/27/2015,4/17/2015,Other,Kareem Bass,2778056
Austria,12/14/2016,10/24/2015,Other,Pearl Delgado,2758816
Netherlands,,5/9/2015,Other,Lamar Vance,2797296
US,2/14/2017,3/5/2016,Other,Ralph Clarke,2784790
Netherlands,,1/13/2016,Other,Zia Carney,2788638
Austria,,7/26/2016,Other,Emmanuel Durham,2621250
Germany,,8/24/2017,Other,Katell Mayo,2796815
Austria,1/4/2016,6/24/2015,Other,Diana Vincent,2645300
UK,,9/17/2015,Other,Alexandra Bradley,2702539
Netherlands,,9/5/2016,Other,Sylvester Hensley,2703020
Switzerland,,7/20/2016,Other,Wing Strickland,2752563
UK,10/6/2015,12/15/2014,Other,Herman Gomez,2797777
Switzerland,12/20/2016,2/5/2016,Other,Andrew Howe,2776613
Netherlands,9/4/2015,12/22/2014,Other,Cathleen Ingram,2798258
Germany,5/20/2017,7/26/2016,Other,Regina Sanchez,2735728
Austria,,4/30/2015,Other,Elton Howard,2791524
Austria,4/4/2015,12/30/2014,Other,Lamar Vance,2797296
Switzerland,8/8/2016,6/21/2015,Other,Beverly Gonzales,2677527
France,8/2/2016,10/12/2015,Other,Melissa Charles,2748715
Switzerland,,5/25/2017,Other,Kimberley Vang,2798739
Austria,8/29/2016,8/5/2015,Other,Lucas Alston,2779499
Switzerland,10/2/2015,5/10/2015,Other,Simon Booker,2750639
UK,,6/16/2015,Other,Jason Leonard,2745829
UK,8/31/2015,5/21/2015,Other,Hakeem Dale,2752082
UK,6/8/2017,3/21/2016,Other,Clayton Henderson,2799220
Germany,10/27/2016,7/26/2016,Other,Rosalyn Strickland,2799701
Switzerland,7/29/2016,4/9/2015,Other,Kenneth Beard,2688109
Switzerland,3/24/2016,1/13/2015,Other,Brenda Mooney,2800182
France,11/18/2015,10/9/2014,Other,Kirestin Casey,2733323
Austria,10/12/2015,6/13/2015,Other,Melissa Charles,2748715
Austria,1/27/2016,12/27/2015,Other,Tanner Wiggins,2658287
Austria,7/30/2014,7/26/2014,Other,Sophia Stein,2676084
Germany,8/24/2017,6/8/2016,Other,Katell Mayo,2796815
Switzerland,2/9/2016,1/28/2016,Other,Reuben Chen,2697729
Switzerland,4/20/2015,12/9/2014,Other,Beverly Macdonald,2800663
US,,12/11/2015,Other,Talon Kennedy,2715526
UK,2/14/2015,12/17/2014,Other,Blair Bass,2770841
Germany,,7/11/2015,Other,Lacey Blair,2787195
UK,,7/22/2015,Other,Yetta Lowery,2801144
Netherlands,,12/2/2016,Other,Hammett Herman,2659249
UK,5/26/2017,3/17/2016,Other,Garrett Richardson,2618845
Germany,,5/2/2016,Other,Tamara Aguilar,2682337
US,3/24/2016,8/28/2015,Other,Aurelia Morrow,2681375
US,3/14/2015,10/11/2014,Other,Carly Velasquez,2801625
Austria,,1/29/2017,Other,Chaney Salas,2694362
Germany,8/9/2015,2/26/2015,Other,Justin Good,2802106
Austria,,6/28/2016,Other,Vielka Welch,2737171
Austria,7/31/2015,7/16/2015,Other,Fatima Ingram,2741019
UK,,6/13/2015,Other,Wendy Munoz,2678970
Germany,,5/23/2015,Other,Aurora Oneill,2802587
UK,6/28/2016,7/17/2015,Other,Vielka Welch,2737171
US,,8/30/2015,Other,Karyn Wood,2723222
Netherlands,,5/22/2015,Other,Harlan Woods,2733804
US,3/25/2016,9/22/2015,Other,Gareth Levy,2734285
UK,,12/1/2014,Other,Ashely Sutton,2671755
France,4/21/2017,2/29/2016,Other,Bell Blevins,2674160
UK,11/3/2015,1/25/2015,Other,Quon Jefferson,2681856
Netherlands,8/30/2015,12/7/2014,Other,Karyn Wood,2723222
Germany,6/27/2016,2/16/2016,Other,Fatima Donovan,2741500
Austria,,5/28/2016,Other,Abdul Bass,2731399
Austria,,1/24/2016,Other,Gillian Powers,2777094
Austria,1/3/2016,5/27/2015,Other,Clark Mercado,2730437
Austria,4/21/2016,4/9/2015,Other,Myra Chan,2803068
Austria,,6/9/2014,Other,Dalton Stanton,2803549
Austria,1/29/2016,2/28/2015,Other,Anne Foley,2764588
UK,,12/17/2016,Other,Veronica Spears,2624136
Germany,10/23/2015,9/27/2014,Other,Wylie George,2761702
Switzerland,4/12/2016,5/16/2015,Other,Colin Bates,2804030
US,4/1/2017,1/26/2016,Other,Shad Dudley,2804511
Germany,,11/21/2016,Other,Yoko Salas,2683299
Austria,6/30/2016,4/5/2015,Other,Rama Kane,2804992
UK,,7/4/2016,Other,Indigo Avila,2805473
Germany,8/31/2015,7/12/2014,Other,Justin Davenport,2805954
UK,11/28/2015,3/17/2015,Other,Helen Perkins,2806435
UK,,2/16/2015,Other,Jaden Guzman,2806916
Netherlands,1/13/2017,2/22/2016,Other,Nicholas Berry,2807397
US,,9/19/2016,Other,Prescott Jefferson,2756892
France,,7/23/2017,Other,Geoffrey Porter,2741981
Austria,,8/31/2015,Other,Justin Davenport,2805954
Germany,,12/3/2014,Other,Vaughan Keith,2698691
Austria,6/17/2016,8/24/2015,Other,Lucy Norris,2709273
Germany,10/3/2016,4/27/2016,Other,Alfreda Harrell,2665983
Germany,3/29/2015,3/22/2015,Other,Kevin Howell,2807878
UK,6/28/2015,10/20/2014,Other,Callie Hoffman,2765069
UK,,7/5/2014,Other,Sarah Maddox,2808359
UK,,4/1/2017,Other,Shad Dudley,2804511
Austria,,2/7/2017,Other,Colin Bates,2804030
Switzerland,5/9/2015,10/3/2014,Other,Amanda Glenn,2786714
Austria,,8/18/2015,Other,Brian Tanner,2749196
Austria,,4/21/2016,Other,Myra Chan,2803068
Austria,4/5/2015,3/29/2015,Other,Rama Kane,2804992
UK,,11/21/2015,Other,Bryar Morrison,2808840
Austria,2/1/2015,11/28/2014,Other,Bryar Morrison,2808840
UK,3/30/2017,9/2/2016,Other,Colette Chapman,2777575
UK,10/19/2015,12/12/2014,Other,Quynn Hurley,2725627
Switzerland,,11/28/2015,Other,Helen Perkins,2806435
Germany,2/3/2016,2/17/2015,Other,Drew Stevenson,2722741
Germany,4/2/2015,10/1/2014,Other,Elton Howard,2791524
Austria,11/20/2016,6/28/2016,Other,Chastity Vaughan,2705425
Austria,3/23/2015,3/1/2015,Other,TaShya Fletcher,2809321
Switzerland,5/13/2016,9/4/2015,Other,Josiah Beard,2700134
UK,3/27/2015,7/20/2014,Other,Illiana House,2809802
Netherlands,9/22/2015,2/10/2015,Other,Gareth Levy,2734285
Switzerland,,2/9/2016,Other,Reuben Chen,2697729
UK,,8/5/2016,Other,Colton Juarez,2716969
Switzerland,11/25/2016,11/5/2015,Other,Branden Blackwell,2758335
UK,8/13/2016,5/13/2016,Other,Josiah Beard,2700134
UK,1/13/2016,6/7/2015,Other,Jane Vinson,2763145
Netherlands,10/24/2015,9/8/2014,Other,Cadman Le,2699172
Austria,,8/5/2015,Other,Brenden Oneill,2810283
Netherlands,,6/3/2016,Other,Macon Graham,2717450
Netherlands,,1/30/2015,Purchasing,Summer Bruce,2622693
Netherlands,2/28/2016,3/23/2015,Other,TaShya Fletcher,2809321
UK,,12/14/2016,Other,Briar Wells,2667907
Netherlands,6/24/2017,5/8/2016,Other,Meghan Summers,2690995
UK,12/29/2017,2/22/2017,Other,Mariam Gilbert,2810764
UK,4/2/2015,5/29/2014,Other,Asher Howard,2744867
Netherlands,8/27/2015,8/15/2014,Other,Kimberly Oneill,2745348
Netherlands,11/24/2015,7/17/2015,Other,Quintessa Crosby,2660692
UK,8/5/2015,4/4/2015,Other,Brenden Oneill,2810283
UK,12/29/2015,10/16/2014,Other,Aileen York,2811245
France,8/27/2015,8/5/2014,Other,Ria Le,2811726
Germany,3/20/2015,2/12/2015,Other,Dexter Stark,2787676
US,3/7/2016,5/22/2015,Other,Gil Spencer,2727551
Netherlands,9/11/2015,2/2/2015,Other,Willa Dudley,2812207
Germany,,5/21/2016,Other,Willa Spence,2781904
Germany,,11/27/2014,Other,Armand Rodgers,2812688
UK,3/17/2015,11/25/2014,Other,Lara Dale,2813169
UK,,12/6/2016,Other,Carter Mendez,2792005
UK,,12/9/2016,Other,Kelsie Stafford,2813650
Netherlands,10/23/2015,1/13/2015,Other,Oprah Clements,2781423
UK,3/31/2017,4/7/2016,Other,Demetrius Mitchell,2756411
Switzerland,10/18/2016,12/19/2015,Other,Deborah Sweet,2772284
Switzerland,8/29/2016,7/3/2015,Other,Juliet Oneill,2814131
Netherlands,4/4/2015,6/28/2014,Other,Brenden Oneill,2810283
US,3/21/2016,6/10/2015,Other,Mikayla Fields,2671274
Austria,7/22/2015,2/6/2015,Other,Yetta Lowery,2801144
France,,10/3/2016,Other,Alfreda Harrell,2665983
Austria,2/13/2015,1/25/2015,Other,Caldwell Sargent,2814612
Netherlands,11/18/2015,12/15/2014,Other,Chastity Baird,2739095
Netherlands,4/19/2016,4/11/2015,Other,Kirby Hubbard,2737652
UK,8/21/2016,8/12/2016,Other,Byron Roberson,2735247
UK,,7/6/2016,Other,Vivien Burke,2740538
Germany,6/15/2016,7/18/2015,Other,Lael Ingram,2692919
UK,5/22/2015,5/5/2015,Other,Harlan Woods,2733804
UK,10/5/2015,6/21/2015,Other,Gwendolyn Stuart,2739576
France,7/2/2016,8/26/2015,Other,Pandora Herring,2719855
Switzerland,9/7/2016,10/21/2015,Other,Ciaran Mitchell,2653958
Netherlands,5/27/2015,6/26/2014,Other,Clark Mercado,2730437
US,1/13/2017,10/22/2015,Other,Josiah Armstrong,2738133
UK,,10/11/2015,Other,Carly Velasquez,2801625
UK,10/15/2016,8/9/2015,Other,Justin Good,2802106
UK,2/8/2015,1/12/2015,Other,Jasmine Snyder,2626541
Austria,7/6/2016,11/15/2015,Other,Vivien Burke,2740538
UK,,1/13/2016,Other,Fatima Ingram,2741019
France,7/27/2016,7/7/2015,Other,Nelle Thompson,2699653
France,,2/18/2015,Other,Nerea Merritt,2762183
UK,2/10/2016,11/25/2015,Other,Hayfa Bright,2689071
France,3/28/2016,3/17/2015,Other,Lara Dale,2813169
France,,10/12/2016,Other,Ria Le,2811726
Switzerland,8/18/2015,5/19/2015,Other,Brian Tanner,2749196
Austria,,3/7/2016,Other,Gil Spencer,2727551
Germany,,5/4/2016,Other,Mohammad Nixon,2771803
Austria,7/29/2016,4/20/2015,Other,Beverly Macdonald,2800663
UK,,8/22/2015,Other,Linda Durham,2815093
Austria,,10/15/2015,Other,Eaton Beasley,2815574
Germany,,11/21/2016,Other,Boris Manning,2747272
Germany,,2/2/2017,Other,Aileen York,2811245
Switzerland,,11/11/2016,Other,Ryder Bender,2816055
Switzerland,,11/12/2015,Other,Quinn Valencia,2760740
US,,9/16/2015,Other,Porter Lawrence,2743424
Switzerland,4/27/2015,10/18/2014,Other,Honorato Holland,2750158
US,5/18/2015,2/7/2015,Other,Cairo Cannon,2755930
Austria,,10/30/2015,Other,Walter Mack,2640009
Austria,7/23/2015,9/30/2014,Other,Indigo Avila,2805473
Austria,9/29/2016,6/26/2016,Other,Carol Owen,2622212
UK,,12/14/2016,Other,Rhoda Mcbride,2696767
Austria,11/4/2016,7/14/2016,Other,Sigourney Peck,2816536
UK,5/11/2015,8/25/2014,Other,Carson Todd,2817017
France,,10/1/2014,Other,Addison Oneal,2817498
France,11/13/2015,11/30/2014,Other,Kelsie Stafford,2813650
France,6/16/2015,3/3/2015,Other,Jason Leonard,2745829
Germany,,3/20/2017,Other,Priscilla Lane,2817979
France,,4/5/2016,Other,Piper Doyle,2710716
UK,,4/25/2016,Other,Nadine King,2785752
France,9/16/2015,9/7/2015,Other,Porter Lawrence,2743424
UK,10/6/2016,11/18/2015,Other,Kirestin Casey,2733323
Netherlands,5/27/2016,8/28/2015,Other,Laurel Ware,2683780
UK,6/15/2016,7/31/2015,Other,Conan Craft,2725146
Austria,,8/2/2015,Other,Danielle Navarro,2818460
France,,7/8/2015,Other,Emerald Jackson,2818941
UK,,11/4/2015,Other,Lareina Carney,2771322
France,4/15/2016,1/20/2015,Other,Harlan Morrison,2738614
France,1/21/2016,6/24/2015,Other,Maris Mejia,2819422
UK,,3/27/2015,Other,Illiana House,2809802
Germany,5/7/2016,3/19/2015,Other,Maxwell Blankenship,2766993
UK,,2/28/2016,Other,Dante Holman,2791043
UK,6/3/2015,2/18/2015,Other,Tiger Wong,2819903
UK,2/18/2015,5/16/2014,Other,Tiger Wong,2819903
Switzerland,,2/14/2017,Other,Ralph Clarke,2784790
US,,2/21/2015,Other,Edward Fry,2820384
Germany,9/10/2014,8/15/2014,Other,Edward Fry,2820384
Germany,,1/18/2017,Other,Addison Houston,2754487
Switzerland,,7/16/2016,Other,Yuri Haynes,2820865
Switzerland,7/8/2015,2/8/2015,Other,Emerald Jackson,2818941
Germany,7/23/2014,6/23/2014,Other,Colorado Ferrell,2662135
France,,9/4/2015,Other,Cathleen Ingram,2798258
Switzerland,12/22/2014,8/13/2014,Other,Cathleen Ingram,2798258
France,10/20/2016,11/1/2015,Other,Tanner Park,2780942
Switzerland,12/9/2016,11/13/2015,Other,Kelsie Stafford,2813650
Switzerland,9/21/2015,2/3/2015,Other,Brynne Burks,2707349
Austria,12/17/2014,4/15/2014,Other,Harrison Kline,2728513
Netherlands,2/14/2016,5/10/2015,Other,Jason Munoz,2664059
Germany,,3/14/2015,Other,Jayme Hampton,2821346
Netherlands,3/14/2015,10/29/2014,Other,Jayme Hampton,2821346
Germany,,2/14/2016,Other,Asher Marsh,2729475
Austria,,12/3/2014,Other,August Turner,2821827
Austria,,5/11/2015,Other,Carson Todd,2817017
UK,,11/28/2014,Other,Peter Sosa,2744386
Netherlands,,6/18/2015,Other,Malachi Tyson,2822308
Austria,10/1/2015,6/25/2015,Other,Boris Manning,2747272
Netherlands,11/6/2017,9/18/2016,Other,Jayme Hudson,2794410
US,1/6/2016,8/30/2015,Other,Caleb Padilla,2742943
Germany,,2/16/2016,Other,Ulric Rowland,2753044
Netherlands,7/22/2015,6/13/2015,Other,Alyssa Brady,2706387
Netherlands,6/10/2015,9/17/2014,Other,Kylie Ratliff,2822789
Germany,11/13/2015,10/9/2014,Other,Theodore Rivera,2823270
France,7/12/2016,12/3/2015,Other,Murphy Hopper,2640971
France,4/13/2016,5/14/2015,Other,Priscilla Lane,2817979
Austria,,11/13/2015,Other,Theodore Rivera,2823270
UK,,2/28/2016,Other,TaShya Fletcher,2809321
France,,9/9/2014,Other,Nathan Burgess,2823751
UK,3/20/2017,4/13/2016,Other,Priscilla Lane,2817979
Switzerland,5/2/2016,4/3/2016,Other,Tamara Aguilar,2682337
Switzerland,6/9/2016,5/19/2015,Other,Irma Oneal,2761221
Netherlands,10/29/2014,5/15/2014,Other,Jayme Hampton,2821346
Germany,9/20/2015,7/10/2014,Other,Martin Silva,2824232
Austria,5/1/2014,3/23/2014,Other,Isaiah Francis,2824713
Germany,8/13/2015,6/10/2015,Other,Driscoll Shaw,2825194
UK,9/17/2015,2/9/2015,Other,Isadora Hale,2825675
Netherlands,5/21/2016,7/24/2015,Other,Willa Spence,2781904
UK,4/2/2016,11/18/2015,Other,Chastity Baird,2739095
UK,1/31/2015,7/7/2014,Other,Lana Hutchinson,2732361
Austria,5/23/2015,10/8/2014,Other,Aurora Oneill,2802587
Switzerland,11/19/2016,9/20/2015,Other,Martin Silva,2824232
Switzerland,9/19/2015,4/8/2015,Other,Chiquita Lowery,2826156
Austria,11/11/2015,2/23/2015,Other,Jaden Lopez,2736690
Austria,5/30/2015,3/24/2015,Other,Noelani Kline,2826637
Austria,10/2/2015,10/21/2014,Other,Cassidy Anthony,2755449
Austria,,3/27/2015,Other,Kylee Goodman,2827118
Switzerland,,9/21/2015,Other,Noelani Kline,2826637
Germany,9/29/2015,9/6/2014,Other,Aquila Riddle,2827599
UK,,8/24/2016,Other,Vaughan Waller,2690033
UK,,1/12/2016,Other,Kareem Bass,2778056
UK,6/25/2016,7/24/2015,Other,Jasmine Yang,2778537
UK,,10/20/2015,Other,Jaquelyn Hancock,2828080
Austria,,7/31/2016,Other,Melanie Frederick,2828561
Netherlands,7/31/2016,8/30/2015,Other,Melanie Frederick,2828561
Austria,12/2/2016,5/19/2016,Other,Hammett Herman,2659249
Netherlands,,2/14/2016,Other,Jason Munoz,2664059
UK,,5/6/2015,Other,Dexter Stark,2787676
Austria,6/10/2015,3/7/2015,Other,Mikayla Fields,2671274
Austria,,2/22/2017,Other,Eliana Jefferson,2829042
UK,7/24/2015,9/12/2014,Other,Jasmine Yang,2778537
Germany,,11/6/2017,Other,Jayme Hudson,2794410
Germany,,4/15/2016,Other,Harlan Morrison,2738614
Germany,,5/10/2014,Other,Illana Brock,2829523
Germany,1/16/2016,10/17/2015,Other,Arthur Powers,2830004
Germany,7/23/2015,7/24/2014,Other,Kasimir Webb,2830485
France,,6/8/2017,Other,Clayton Henderson,2799220
UK,7/26/2016,5/3/2015,Other,Rosalyn Strickland,2799701
Germany,11/1/2015,1/2/2015,Other,Tanner Park,2780942
France,11/21/2015,9/2/2014,Other,Mark Harper,2830966
UK,,7/31/2016,Other,William Marquez,2757373
Germany,,9/4/2015,Other,Kenyon Landry,2831447
Netherlands,,10/15/2014,Other,Lara Parker,2831928
UK,6/28/2014,6/25/2014,Other,Lara Parker,2831928
Netherlands,5/10/2017,8/25/2016,Other,Ezra Phelps,2832409
Netherlands,5/9/2015,8/22/2014,Other,Medge Barrett,2832890
Netherlands,,11/28/2016,Other,Nehru Cohen,2736209
US,11/30/2014,9/2/2014,Other,Carolyn Silva,2689552
US,2/26/2015,1/22/2015,Other,Victoria House,2833371
Germany,,10/30/2015,Other,Aidan Dawson,2770360
Germany,,3/1/2016,Other,Ulric Gutierrez,2783828
Netherlands,10/20/2014,6/24/2014,Other,Rigel Kline,2784309
UK,,4/20/2015,Other,Plato Frank,2833852
Austria,,2/16/2015,Other,Emmanuel Carney,2769398
Switzerland,6/4/2015,3/4/2015,Other,Dante Holman,2791043
Germany,,11/30/2014,Other,Carolyn Silva,2689552
Switzerland,,7/22/2015,Other,Alyssa Brady,2706387
Austria,,3/16/2017,Other,Quamar Chavez,2775651
Switzerland,4/6/2017,9/16/2016,Other,Gannon Stone,2730918
Switzerland,12/7/2015,9/11/2014,Other,Carly Hobbs,2834333
Switzerland,,2/14/2016,Other,Rooney Barrera,2834814
Germany,10/15/2015,12/15/2014,Other,Eaton Beasley,2815574
Switzerland,2/16/2016,11/21/2015,Other,Ulric Rowland,2753044
Switzerland,,10/27/2015,Other,Blake Holman,2835295
Switzerland,10/27/2015,7/4/2015,Other,Blake Holman,2835295
France,5/1/2015,3/14/2015,Other,Harrison Conley,2835776
UK,,1/20/2015,Other,Rhea Sanders,2767474
Germany,12/24/2015,6/2/2015,Other,Tatyana Barry,2836257
Switzerland,,11/16/2015,Other,Raymond Mcgee,2774689
US,,10/12/2014,Other,Inez King,2836738
Netherlands,2/13/2015,8/29/2014,Other,Harlan Downs,2837219
US,7/13/2016,6/9/2016,Other,Irma Oneal,2761221
US,2/6/2015,9/5/2014,Other,Yetta Lowery,2801144
Austria,2/14/2016,1/18/2015,Other,Rooney Barrera,2834814
Austria,6/21/2016,6/12/2015,Other,Jana Wilder,2837700
Austria,3/22/2016,7/11/2015,Other,Dorothy Cummings,2838181
Switzerland,,5/1/2014,Other,Isaiah Francis,2824713
Germany,,6/4/2016,Other,Alec Dixon,2746310
Germany,10/30/2015,1/22/2015,Other,Talon Parks,2760259
Switzerland,8/15/2015,5/2/2015,Other,Cora Berger,2838662
Germany,9/16/2014,6/8/2014,Other,Raymond Mcgee,2774689
US,,1/20/2016,Other,Raphael Morrison,2839143
Germany,,10/5/2016,Other,Timon Kirkland,2774208
Switzerland,4/28/2015,2/18/2015,Other,Jael Small,2674641
Germany,,4/20/2015,Other,Victoria House,2833371
US,11/12/2015,6/24/2015,Other,Quinn Valencia,2760740
US,2/2/2015,6/15/2014,Other,Willa Dudley,2812207
Germany,,7/12/2016,Other,Murphy Hopper,2640971
Germany,,9/29/2015,Other,Aquila Riddle,2827599
Austria,1/18/2015,10/25/2014,Other,Rooney Barrera,2834814
Switzerland,,1/16/2016,Other,Arthur Powers,2830004
Germany,,11/9/2015,Other,Noah Bauer,2839624
Switzerland,9/12/2016,8/15/2015,Other,Cora Berger,2838662
Germany,8/3/2016,9/19/2015,Other,Chiquita Lowery,2826156
Germany,8/16/2016,5/14/2015,Other,Price Henderson,2747753
Switzerland,10/3/2016,5/7/2016,Other,Maxwell Blankenship,2766993
UK,,9/12/2016,Other,Cora Berger,2838662
Austria,,2/6/2016,Other,Shay Christensen,2680894
UK,,6/10/2014,Other,Amir Buckner,2840105
UK,8/30/2015,9/24/2014,Other,Melanie Frederick,2828561
Switzerland,1/30/2015,1/29/2015,Other,Summer Bruce,2622693
Switzerland,,10/19/2016,Other,Iona Martin,2840586
UK,9/18/2015,12/2/2014,Purchasing,Skyler Dale,2766031
Switzerland,9/5/2016,6/2/2015,Other,Iona Martin,2840586
France,10/19/2016,9/5/2016,Other,Iona Martin,2840586
Switzerland,10/2/2015,12/14/2014,Other,Kevyn Pickett,2700615
Switzerland,3/17/2015,4/2/2014,Other,Helen Perkins,2806435
Switzerland,,3/25/2015,Other,Dorian Hamilton,2841067
Germany,,7/4/2015,Other,Jarrod Berry,2792486
UK,3/7/2016,1/2/2015,Other,Lilah Olsen,2687628
Germany,,6/29/2015,Other,Iola Nielsen,2841548
Germany,9/16/2014,8/15/2014,Other,Plato Frank,2833852
Germany,8/25/2016,5/16/2015,Other,Ezra Phelps,2832409
France,5/31/2015,7/18/2014,Other,Bert Estes,2842029
France,12/10/2015,10/10/2014,Other,Quincy Cooke,2757854
Netherlands,,12/20/2016,Other,Andrew Howe,2776613
Switzerland,3/19/2015,10/25/2014,Other,William Dejesus,2779018
Netherlands,9/17/2017,11/11/2016,Other,Cairo Kerr,2724184
France,,7/19/2014,Administration,Scott Strickland,2842510
Switzerland,12/20/2016,12/15/2015,Other,Tarik Cohen,2651553
Switzerland,6/30/2016,11/4/2015,Other,Alan Hines,2794891
France,,12/7/2015,Other,Carly Hobbs,2834333
Switzerland,3/16/2017,6/7/2016,Other,Quamar Chavez,2775651
Switzerland,6/17/2016,7/19/2015,Other,Blythe Ramsey,2842991
Netherlands,1/6/2016,11/17/2014,Other,Grant Mcmahon,2843472
Netherlands,,7/28/2017,Other,Cassandra Frazier,2789119
Austria,4/14/2016,5/10/2015,Other,Inez Burns,2640490
Netherlands,9/25/2015,4/4/2015,Other,Lewis Willis,2843953
Netherlands,11/27/2015,1/26/2015,Other,Wyatt Pate,2844434
Switzerland,,3/20/2015,Other,Caldwell Rollins,2844915
UK,3/20/2015,6/9/2014,Other,Caldwell Rollins,2844915
UK,,2/6/2016,Other,Elmo Mccarty,2703501
France,,3/7/2015,Other,Fallon Patrick,2845396
UK,10/12/2016,8/27/2015,Other,Ria Le,2811726
UK,10/20/2015,7/5/2014,Other,Jaquelyn Hancock,2828080
Netherlands,3/8/2015,2/3/2015,Other,Alec Dixon,2746310
Austria,7/26/2015,4/11/2015,Other,William Pickett,2782866
Switzerland,,5/13/2016,Other,Abraham Gomez,2652034
US,,5/10/2017,Other,Ezra Phelps,2832409
Switzerland,9/7/2015,8/6/2015,Other,Clinton Henry,2845877
Switzerland,,5/4/2014,Other,Ivor Kline,2846358
UK,,9/22/2015,Other,Yardley Conway,2718412
France,8/14/2015,5/14/2015,Other,Kylie Bishop,2846839
UK,,8/14/2015,Other,Kylie Bishop,2846839
UK,11/5/2014,4/18/2014,Other,Iola Nielsen,2841548
UK,,12/15/2015,Other,Justin Hood,2789600
Austria,1/18/2016,6/9/2015,Other,Irene Duncan,2790081
UK,,3/7/2016,Other,Lilah Olsen,2687628
UK,7/20/2016,7/16/2015,Other,Wing Strickland,2752563
UK,3/21/2016,1/22/2015,Other,Clayton Henderson,2799220
Netherlands,,10/27/2016,Other,Rosalyn Strickland,2799701
UK,1/26/2016,7/21/2015,Other,Shad Dudley,2804511
Austria,,10/14/2015,Other,Ina Mclaughlin,2847320
Netherlands,11/5/2014,7/27/2014,Other,Kadeem Romero,2721298
Austria,10/14/2015,12/21/2014,Other,Ina Mclaughlin,2847320
Austria,12/21/2014,11/14/2014,Other,Ina Mclaughlin,2847320
Switzerland,11/26/2015,11/5/2014,Other,Kadeem Romero,2721298
Germany,,3/14/2016,Other,Dominique Terrell,2694843
Switzerland,9/12/2015,9/3/2015,Other,Carol Cruz,2720817
Austria,,12/31/2015,Other,Dale Stanton,2847801
Austria,,3/29/2017,Other,Jermaine Fernandez,2645781
Austria,6/8/2016,7/26/2015,Other,Linus Ingram,2720336
France,,8/14/2016,Other,Cassidy Anthony,2755449
Switzerland,,9/15/2014,Other,Miriam Byers,2848282
US,,3/21/2016,Other,Amanda Glenn,2786714
France,5/11/2016,1/21/2016,Other,Maris Mejia,2819422
Germany,,1/13/2017,Other,Nicholas Berry,2807397
Austria,,9/12/2015,Other,Carol Cruz,2720817
Austria,,2/13/2017,Other,Kaseem Russell,2848763
Germany,7/18/2014,5/15/2014,Other,Bert Estes,2842029
Germany,,10/9/2016,Other,Inez Burns,2640490
Austria,6/17/2015,11/7/2014,Other,Linda Durham,2815093
France,5/31/2016,2/20/2015,Other,Kimberley Vang,2798739
Germany,12/6/2016,3/21/2016,Other,Carter Mendez,2792005
Austria,,5/24/2017,Other,Aidan Anthony,2849244
Netherlands,,12/30/2015,Other,Philip Moss,2849725
Austria,9/4/2015,2/2/2015,Other,Kenyon Landry,2831447
Netherlands,6/30/2017,6/17/2016,Other,Keefe Rasmussen,2656844
US,6/26/2016,3/12/2015,Other,Eaton Jensen,2709754
UK,,9/29/2016,Other,Carol Owen,2622212
Netherlands,9/9/2014,5/11/2014,Other,Nathan Burgess,2823751
Austria,,11/23/2015,Other,Yen Dunlap,2773246
Austria,,6/3/2015,Other,Tiger Wong,2819903
Austria,2/14/2016,2/16/2015,Other,Asher Marsh,2729475
Austria,5/17/2016,8/11/2015,Other,Indigo Daugherty,2623655
Netherlands,,12/14/2016,Other,Micah Berger,2666945
UK,,8/16/2016,Other,Price Henderson,2747753
Netherlands,9/21/2016,6/9/2015,Other,Amir Gallegos,2661654
UK,11/7/2014,7/1/2014,Other,Ciaran Floyd,2786233
UK,4/25/2016,4/28/2015,Other,Nadine King,2785752
UK,6/22/2016,5/20/2015,Other,Deacon Ward,2850206
UK,9/27/2014,8/2/2014,Other,Merritt Conley,2850687
Netherlands,11/28/2014,11/15/2014,Other,Peter Sosa,2744386
Austria,,7/26/2015,Other,William Pickett,2782866
UK,,3/21/2016,Other,Anika Wong,2740057
Netherlands,7/31/2015,4/2/2015,Other,Conan Craft,2725146
Austria,9/12/2015,7/8/2014,Other,McKenzie Wells,2669350
Austria,6/29/2015,11/5/2014,Other,Iola Nielsen,2841548
Austria,4/9/2015,1/6/2015,Other,Myra Chan,2803068
UK,2/2/2017,12/29/2015,Other,Aileen York,2811245
Netherlands,3/3/2015,9/27/2014,Other,Merritt Conley,2850687
Germany,,1/9/2016,Other,Oprah Clements,2781423
Switzerland,,1/2/2015,Other,Eleanor Tyson,2851168
Germany,5/10/2017,8/8/2016,Other,Beverly Gonzales,2677527
Netherlands,6/18/2015,3/7/2015,Other,Malachi Tyson,2822308
Switzerland,,6/5/2015,Other,Harlan Downs,2837219
Germany,3/25/2015,9/9/2014,Other,Malcolm Berry,2851649
UK,4/6/2015,12/1/2014,Other,Slade Weber,2759297
Switzerland,4/3/2016,5/15/2015,Other,Buffy Page,2852130
Switzerland,8/29/2016,5/8/2016,Other,Jack Maynard,2649148
Switzerland,5/8/2016,7/9/2015,Other,Jack Maynard,2649148
Switzerland,,10/1/2015,Other,Keely King,2852611
Austria,11/22/2015,3/7/2015,Other,Pamela William,2773727
UK,12/30/2016,2/1/2016,Other,Colorado Whitney,2763626
UK,,10/18/2016,Other,Deborah Sweet,2772284
UK,7/4/2016,7/23/2015,Other,Indigo Avila,2805473
UK,6/10/2016,10/23/2015,Other,Buffy Francis,2853092
UK,10/23/2015,3/31/2015,Other,Buffy Francis,2853092
Germany,5/9/2015,4/4/2015,Other,Lamar Vance,2797296
Netherlands,8/24/2016,5/21/2016,Other,Vaughan Waller,2690033
UK,7/28/2017,4/14/2016,Other,Cassandra Frazier,2789119
France,,12/19/2015,Other,Adele Espinoza,2853573
UK,7/24/2015,6/18/2015,Other,Adele Espinoza,2853573
Austria,,3/25/2015,Other,Malcolm Berry,2851649
Netherlands,5/25/2017,5/31/2016,Other,Kimberley Vang,2798739
UK,,8/31/2016,Other,Jesse Webster,2728994
France,,2/10/2015,Other,Harrison Kline,2728513
UK,7/16/2016,1/5/2016,Other,Yuri Haynes,2820865
France,3/6/2017,1/13/2016,Other,Jane Vinson,2763145
US,,9/25/2015,Other,Lewis Willis,2843953
Germany,,10/30/2015,Other,Colby Kline,2854054
US,9/3/2016,11/24/2015,Other,Marshall Harris,2714564
US,,2/22/2015,Other,Maris Best,2854535
Netherlands,11/15/2015,4/16/2015,Other,Justine Whitley,2855016
UK,,6/10/2016,Other,Justine Whitley,2855016
Switzerland,6/12/2017,4/2/2016,Other,Aretha Hull,2855497
Germany,,3/12/2017,Other,Blythe Ramsey,2842991
UK,4/2/2016,4/27/2015,Other,Aretha Hull,2855497
Germany,2/7/2017,4/12/2016,Other,Colin Bates,2804030
Germany,10/2/2016,8/4/2015,Other,Kaseem Russell,2848763
France,,5/31/2015,Other,Bert Estes,2842029
US,,9/2/2016,Other,Rowan Curry,2678489
Switzerland,,1/2/2016,Other,Calista Griffith,2855978
US,8/19/2015,5/18/2015,Other,Mary Bruce,2795372
Switzerland,4/20/2015,2/26/2015,Other,Victoria House,2833371
Switzerland,3/14/2015,11/7/2014,Other,Harrison Conley,2835776
France,,5/1/2015,Other,Harrison Conley,2835776
France,6/30/2017,6/11/2016,Other,Cadman Brown,2675122
France,2/6/2015,11/9/2014,Other,Philip Moss,2849725
Netherlands,12/30/2015,2/6/2015,Other,Philip Moss,2849725
Austria,6/27/2016,11/2/2015,Other,Micah Munoz,2682818
Netherlands,,1/27/2016,Other,Lael Reilly,2856459
UK,,3/30/2016,Other,Charity Dodson,2856940
Austria,1/2/2016,12/20/2015,Other,Calista Griffith,2855978
US,10/31/2015,10/20/2015,Other,Julian Bennett,2857421
US,7/14/2016,4/29/2015,Other,Sigourney Peck,2816536
Switzerland,2/21/2015,9/10/2014,Other,Edward Fry,2820384
Austria,3/3/2017,2/21/2016,Other,Dakota Goff,2857902
UK,10/15/2016,9/30/2015,Other,Adele Carson,2858383
UK,8/2/2015,3/2/2015,Other,Danielle Navarro,2818460
US,9/7/2016,8/3/2015,Other,Stephen Hatfield,2858864
Austria,,6/25/2014,Other,Stacey Duran,2859345
Switzerland,,6/10/2015,Other,Kylie Ratliff,2822789
Austria,,7/29/2016,Other,Beverly Macdonald,2800663
France,,12/4/2016,Other,Sigourney Odom,2859826
Switzerland,10/21/2016,9/8/2015,Other,Channing Patton,2792967
Austria,10/20/2015,2/2/2015,Other,Julian Bennett,2857421
UK,2/18/2015,7/27/2014,Other,Nerea Merritt,2762183
UK,,6/10/2016,Other,Buffy Francis,2853092
Austria,,8/22/2015,Other,Cleo Jackson,2860307
UK,8/22/2015,6/17/2015,Other,Linda Durham,2815093
UK,,6/22/2016,Other,Deacon Ward,2850206
US,,3/3/2015,Other,Merritt Conley,2850687
Switzerland,,11/1/2016,Other,Dalton Giles,2675603
Germany,,11/7/2014,Other,Ciaran Floyd,2786233
Switzerland,7/2/2016,4/5/2015,Other,Upton Watkins,2629427
Switzerland,9/17/2015,1/22/2015,Other,Dustin Jacobs,2860788
Germany,7/26/2015,4/7/2015,Other,Noah Bauer,2839624
Austria,,10/10/2015,Other,Driscoll Shaw,2825194
US,10/24/2016,8/21/2015,Other,Sigourney Odom,2859826
Germany,,5/18/2015,Other,Cairo Cannon,2755930
Austria,8/6/2015,1/5/2015,Other,Clinton Henry,2845877
Germany,6/10/2016,11/15/2015,Other,Justine Whitley,2855016
Austria,,9/4/2015,Other,Len Barron,2861269
UK,,3/19/2015,Other,William Dejesus,2779018
Germany,,11/18/2016,Other,Ocean Harvey,2861750
UK,,6/21/2016,Other,Jana Wilder,2837700
UK,6/3/2015,9/29/2014,Other,Griffin Walter,2862231
Netherlands,,7/23/2015,Other,Kasimir Webb,2830485
UK,9/19/2016,2/25/2016,Other,Prescott Jefferson,2756892
France,,3/28/2016,Other,Lara Dale,2813169
Netherlands,4/23/2016,2/9/2015,Other,William Marquez,2757373
France,,8/19/2014,Other,Oscar Chase,2862712
Austria,,8/19/2015,Other,Mary Bruce,2795372
Netherlands,9/11/2016,6/13/2015,Other,Hedley Vasquez,2863193
Switzerland,,6/30/2017,Other,Cadman Brown,2675122
Austria,,9/29/2015,Other,Ima Strong,2863674
Austria,,9/21/2016,Other,Amir Gallegos,2661654
Switzerland,7/8/2015,3/8/2015,Other,Carla Hanson,2665502
Austria,8/2/2016,1/18/2016,Other,Irene Duncan,2790081
Austria,9/30/2015,11/10/2014,Other,Adele Carson,2858383
Netherlands,7/18/2016,8/27/2015,Other,Elvis Winters,2864155
Germany,3/11/2016,2/10/2015,Other,Merritt Bentley,2864636
Austria,5/30/2016,5/4/2015,Other,Rowan Curry,2678489
Switzerland,,5/6/2016,Other,Brynne Burks,2707349
Austria,11/18/2016,11/21/2015,Other,Ocean Harvey,2861750
Netherlands,,10/31/2016,Other,Chelsea Drake,2865117
Netherlands,4/28/2017,9/7/2016,Other,Ciaran Mitchell,2653958
Netherlands,11/21/2015,8/1/2015,Other,Ocean Harvey,2861750
Switzerland,,4/21/2017,Other,Bell Blevins,2674160
Austria,,11/16/2014,Other,Ria Graham,2865598
Netherlands,,6/22/2016,Other,Merritt Bentley,2864636
Germany,,6/30/2016,Other,Alan Hines,2794891
Austria,1/7/2016,7/30/2015,Other,Victoria Sweeney,2866079
Germany,6/30/2015,10/20/2014,Other,Rigel Kline,2784309
France,5/24/2017,8/4/2016,Other,Aidan Anthony,2849244
France,2/22/2016,3/7/2015,Other,Nicholas Berry,2807397
Switzerland,,10/31/2015,Other,Julian Bennett,2857421
UK,,2/15/2017,Other,Anthony Mcguire,2677046
Germany,10/17/2015,1/20/2015,Other,Arthur Powers,2830004
UK,7/8/2015,7/8/2015,Other,Emerald Jackson,2818941
Netherlands,10/15/2014,6/28/2014,Purchasing,Lara Parker,2831928
US,2/16/2017,6/24/2016,Other,Clark Cleveland,2866560
US,9/22/2015,5/4/2015,Other,Urielle Schultz,2667426
US,4/21/2017,2/19/2016,Other,Unity Walsh,2764107
US,,2/1/2015,Other,Orla Hodges,2867041
US,,9/6/2014,Other,Mari Salinas,2867522
Austria,,11/4/2016,Other,Sigourney Peck,2816536
Austria,6/17/2016,11/3/2015,Other,Keefe Rasmussen,2656844
Austria,2/9/2017,11/27/2015,Other,Colorado Patton,2868003
Austria,10/12/2015,9/28/2014,Other,Chelsea Drake,2865117
Germany,,1/31/2016,Other,Mason Nguyen,2868484
Germany,10/23/2016,12/26/2015,Other,Callie Miller,2868965
Germany,3/7/2015,7/26/2014,Other,Malachi Tyson,2822308
Netherlands,9/22/2016,10/23/2015,Purchasing,Wylie George,2761702
UK,,2/16/2017,Other,Clark Cleveland,2866560
UK,,11/28/2015,Other,Tanek Holman,2704944
Netherlands,6/24/2016,11/5/2015,Purchasing,Clark Cleveland,2866560
UK,12/31/2016,10/2/2015,Other,Olympia Wolf,2869446
UK,2/20/2016,2/3/2015,Other,Shelby Obrien,2869927
Switzerland,,11/29/2015,Other,Cole Pratt,2870408
Switzerland,11/29/2015,11/7/2014,Other,Cole Pratt,2870408
UK,9/22/2015,10/10/2014,Other,Nero Salinas,2870889
UK,,6/12/2016,Other,Allegra Briggs,2697248
UK,10/2/2015,11/19/2014,Other,Olympia Wolf,2869446
UK,9/8/2016,7/8/2015,Other,Carla Hanson,2665502
UK,12/19/2016,2/20/2016,Other,Shelby Obrien,2869927
UK,,1/6/2017,Other,Nero Salinas,2870889
Netherlands,7/13/2016,6/7/2015,Other,Nehru Cohen,2736209
Germany,,11/19/2014,Other,Norman Bell,2871370
Netherlands,,12/31/2016,Other,Olympia Wolf,2869446
UK,10/11/2015,3/14/2015,Other,Carly Velasquez,2801625
Netherlands,6/9/2015,6/3/2015,Other,Griffin Walter,2862231
Netherlands,,2/26/2015,Other,Hadley Vazquez,2871851
Netherlands,3/30/2016,10/12/2015,Other,Charity Dodson,2856940
US,,6/30/2016,Other,Rama Kane,2804992
Switzerland,,9/7/2016,Other,Stephen Hatfield,2858864
US,6/20/2015,6/4/2015,Other,Oliver Berry,2759778
Switzerland,7/31/2016,9/22/2015,Other,Urielle Schultz,2667426
Austria,,1/5/2017,Other,Juliet Oneill,2814131
Switzerland,,10/23/2016,Other,Callie Miller,2868965
UK,6/13/2015,1/23/2015,Other,Hedley Vasquez,2863193
Switzerland,,3/17/2015,Other,Maisie Burch,2872332
Switzerland,11/1/2016,1/15/2016,Other,Dalton Giles,2675603
Germany,1/5/2017,8/29/2016,Other,Juliet Oneill,2814131
UK,10/10/2015,8/13/2015,Other,Driscoll Shaw,2825194
Germany,,12/19/2016,Other,Shelby Obrien,2869927
Netherlands,2/1/2016,11/9/2014,Other,Eliana Jefferson,2829042
Germany,4/20/2015,9/16/2014,Other,Plato Frank,2833852
Switzerland,2/15/2017,7/19/2016,Other,Anthony Mcguire,2677046
Switzerland,2/21/2016,10/22/2015,Other,Dakota Goff,2857902
Germany,3/1/2016,11/5/2015,Other,Ulric Gutierrez,2783828
Austria,,3/29/2015,Other,Kevin Howell,2807878
Netherlands,10/30/2015,4/16/2015,Other,Colby Kline,2854054
Austria,7/9/2015,2/14/2015,Other,Blair Bass,2770841
Austria,,3/26/2017,Other,Dorothy Cummings,2838181
Germany,,12/17/2015,Other,Nolan Salazar,2872813
Austria,10/30/2015,11/20/2014,Other,Aidan Dawson,2770360
Austria,5/7/2016,1/25/2015,Other,Martin Alston,2873294
Germany,,7/29/2016,Other,Kenneth Beard,2688109
UK,5/13/2016,11/18/2015,Other,Abraham Gomez,2652034
UK,4/24/2016,8/25/2015,Other,Petra Weiss,2873775
Austria,6/22/2016,3/11/2016,Other,Merritt Bentley,2864636
Austria,1/27/2016,5/21/2015,Other,Lael Reilly,2856459
Germany,10/22/2016,9/23/2015,Other,Dominic Sweet,2874256
Germany,,12/6/2014,Other,Tanek Madden,2874737
Germany,,12/27/2014,Other,Leonard Pollard,2875218
Netherlands,1/8/2016,10/9/2015,Other,Sebastian Hamilton,2785271
Germany,,12/1/2016,Other,Kermit Fernandez,2875699
Germany,12/7/2015,10/13/2014,Other,Kermit Fernandez,2875699
Germany,12/1/2016,12/7/2015,Other,Kermit Fernandez,2875699
Netherlands,11/9/2015,7/26/2015,Other,Noah Bauer,2839624
Netherlands,10/28/2015,11/25/2014,Other,Mason Nguyen,2868484
Germany,12/3/2014,9/24/2014,Other,August Turner,2821827
Switzerland,12/26/2015,3/16/2015,Other,Callie Miller,2868965
Netherlands,,11/16/2015,Other,Kennedy Hurst,2762664
France,4/4/2015,1/14/2015,Other,Lewis Willis,2843953
US,12/18/2016,11/29/2015,Other,Yen Wall,2876180
US,,12/29/2017,Other,Mariam Gilbert,2810764
Austria,11/6/2016,5/7/2016,Other,Martin Alston,2873294
Switzerland,,11/6/2016,Other,Martin Alston,2873294
Switzerland,11/18/2016,8/25/2016,Other,Morgan Howard,2876661
Austria,,2/9/2017,Other,Colorado Patton,2868003
Switzerland,11/27/2015,2/11/2015,Other,Colorado Patton,2868003
Germany,,1/13/2017,Other,Josiah Armstrong,2738133
UK,,2/13/2015,Other,Caldwell Sargent,2814612
US,,11/19/2016,Other,Martin Silva,2824232
UK,5/28/2016,2/23/2015,Other,Abdul Bass,2731399
UK,12/20/2015,11/15/2015,Other,Calista Griffith,2855978
US,10/5/2016,4/30/2016,Other,Timon Kirkland,2774208
US,8/28/2015,8/14/2015,Other,Tanisha Rojas,2877142
France,,5/5/2017,Other,Cole Church,2765550
Switzerland,,1/9/2017,Other,Maryam Everett,2877623
US,,9/20/2015,Other,Charissa Santos,2878104
Switzerland,,11/21/2015,Other,Mark Harper,2830966
US,,5/14/2015,Other,Daphne Dotson,2878585
US,8/25/2016,6/5/2015,Other,Morgan Howard,2876661
Germany,12/17/2016,10/21/2016,Other,Channing Patton,2792967
France,,4/22/2016,Other,Nolan Puckett,2879066
Germany,8/4/2016,10/7/2015,Other,Aidan Anthony,2849244
Switzerland,,7/31/2017,Other,Arsenio Gould,2879547
France,10/15/2015,4/17/2015,Other,Kennedy Hurst,2762664
Netherlands,,12/9/2016,Other,Keith Perez,2661173
Germany,,8/3/2016,Other,Chiquita Lowery,2826156
Austria,,9/17/2014,Other,Rhiannon Barton,2880028
Netherlands,2/22/2017,1/30/2016,Other,Mariam Gilbert,2810764
Netherlands,,4/29/2017,Other,Chadwick Duffy,2880509
UK,3/21/2016,3/26/2015,Other,Anika Wong,2740057
Netherlands,8/9/2015,1/31/2015,Other,Lana Hutchinson,2732361
Germany,,12/24/2015,Other,Tatyana Barry,2836257
Netherlands,,12/14/2015,Other,Sara Salas,2662616
Germany,11/23/2015,5/9/2015,Other,Medge Barrett,2832890
Switzerland,,10/15/2016,Other,Justin Good,2802106
Netherlands,5/14/2015,12/18/2014,Other,Nolan Salazar,2872813
Germany,4/22/2016,8/21/2015,Other,Nolan Puckett,2879066
Germany,,10/21/2016,Other,Dustin Jacobs,2860788
Austria,,1/5/2015,Other,Jacob Chandler,2718893
Germany,7/5/2016,5/27/2015,Other,Xanthus Odonnell,2880990
Germany,7/31/2015,2/2/2015,Other,Ray Osborne,2881471
Germany,,1/7/2016,Other,Victoria Sweeney,2866079
Austria,9/22/2015,6/28/2015,Other,Yardley Conway,2718412
Germany,5/1/2016,6/21/2015,Other,Celeste Sharp,2655401
Germany,11/18/2015,4/2/2015,Other,Maxwell Kane,2881952
Austria,3/17/2015,12/26/2014,Other,Maisie Burch,2872332
US,,9/11/2016,Other,Hedley Vasquez,2863193
UK,,1/25/2017,Other,Herman Gomez,2797777
US,4/27/2017,4/8/2016,Other,Joseph Jacobs,2882433
US,,11/18/2016,Other,Morgan Howard,2876661
US,1/9/2017,6/21/2016,Other,Maryam Everett,2877623
Germany,,1/1/2018,Other,Yen Wall,2876180
US,1/10/2017,10/11/2015,Other,Ingrid Dickerson,2882914
UK,6/21/2016,4/9/2015,Other,Maryam Everett,2877623
Germany,9/28/2016,7/31/2015,Other,Ray Osborne,2881471
Germany,,9/28/2016,Other,Ray Osborne,2881471
Germany,11/11/2016,7/25/2015,Other,Ryder Bender,2816055
Germany,9/24/2016,7/8/2015,Other,Boris Middleton,2883395
Germany,2/23/2017,11/24/2015,Other,Chadwick Duffy,2880509
UK,,6/23/2016,Other,Lara Orr,2708792
Switzerland,5/15/2015,11/22/2014,Other,Buffy Page,2852130
UK,3/26/2017,3/22/2016,Other,Dorothy Cummings,2838181
Germany,,9/22/2016,Other,Phelan Quinn,2672236
US,6/15/2015,10/27/2014,Other,Samantha Beach,2782385
Netherlands,,1/10/2017,Other,Ingrid Dickerson,2882914
Austria,,11/4/2015,Other,Stephen Joyner,2883876
Germany,11/4/2015,1/1/2015,Other,Stephen Joyner,2883876
UK,,1/10/2017,Other,Grant Mcmahon,2843472
US,10/31/2016,10/12/2015,Other,Chelsea Drake,2865117
Germany,,9/11/2015,Other,Willa Dudley,2812207
France,1/6/2017,9/22/2015,Other,Nero Salinas,2870889
UK,,5/11/2016,Other,Maris Mejia,2819422
UK,1/21/2015,11/23/2014,Other,Wyatt Rice,2884357
UK,6/23/2016,3/1/2015,Other,Tashya Shepard,2768436
Germany,1/14/2016,8/31/2015,Other,Piper Garner,2884838
Netherlands,,4/25/2017,Other,Xanthus Odonnell,2880990
France,2/22/2017,2/1/2016,Other,Eliana Jefferson,2829042
France,7/25/2015,1/14/2015,Other,Ryder Bender,2816055
Switzerland,12/17/2015,5/14/2015,Other,Nolan Salazar,2872813
Switzerland,5/31/2016,12/29/2015,Other,Alma Coleman,2885319
Netherlands,,1/29/2016,Other,Raja Thornton,2885800
Netherlands,,11/9/2014,Other,Maris Klein,2886281
Switzerland,4/8/2016,1/13/2016,Other,Joseph Jacobs,2882433
Switzerland,,7/18/2016,Other,Elvis Winters,2864155
Germany,,10/27/2015,Other,Baxter Hayden,2886762
Switzerland,3/28/2016,11/18/2015,Other,Maxwell Kane,2881952
US,12/31/2016,5/31/2016,Other,Alma Coleman,2885319
Netherlands,,8/28/2015,Other,Tanisha Rojas,2877142
Austria,,12/31/2016,Other,Alma Coleman,2885319
Switzerland,,11/27/2015,Other,Wyatt Pate,2844434
Netherlands,,11/4/2015,Other,Jarrod Whitley,2887243
Switzerland,9/21/2015,5/30/2015,Other,Noelani Kline,2826637
Germany,,4/27/2017,Other,Joseph Jacobs,2882433
Germany,1/25/2017,10/6/2015,Other,Herman Gomez,2797777
Germany,2/13/2017,10/2/2016,Other,Kaseem Russell,2848763
UK,12/15/2015,5/7/2015,Other,Justin Hood,2789600
Switzerland,,12/25/2014,Other,Barclay Short,2887724
Switzerland,4/25/2017,7/5/2016,Other,Xanthus Odonnell,2880990
Switzerland,5/2/2017,4/23/2016,Other,Caesar Newton,2888205
Switzerland,5/16/2017,2/13/2016,Other,Arsenio Gould,2879547
Germany,7/31/2017,5/16/2017,Other,Arsenio Gould,2879547
Germany,6/6/2015,4/15/2015,Other,Michael Vinson,2888686
Austria,,2/19/2017,Other,Dominic Sweet,2874256
Austria,7/31/2016,5/25/2015,Other,Sasha Stephenson,2889167
Switzerland,,3/10/2016,Other,Hanna Arnold,2889648
Switzerland,,2/4/2016,Other,Sloane Montoya,2706868
Netherlands,12/4/2016,10/24/2016,Other,Sigourney Odom,2859826
Switzerland,1/31/2016,10/28/2015,Other,Mason Nguyen,2868484
Switzerland,3/31/2016,5/28/2015,Other,Hannah Cooley,2724665
Germany,3/12/2017,6/17/2016,Other,Blythe Ramsey,2842991
Switzerland,,1/21/2015,Other,Wyatt Rice,2884357
Switzerland,,4/23/2016,Other,Barrett Allison,2890129
Switzerland,4/12/2016,12/14/2015,Other,Kareem Burnett,2890610
Switzerland,7/6/2017,4/12/2016,Other,Kareem Burnett,2890610
Switzerland,12/20/2016,10/27/2015,Other,Forrest Mason,2891091
Netherlands,4/23/2016,9/21/2015,Other,Barrett Allison,2890129
Germany,,3/28/2016,Other,Maxwell Kane,2881952
Switzerland,,7/26/2015,Other,Elvis Gates,2891572
Germany,7/4/2017,4/24/2016,Other,Petra Weiss,2873775
Switzerland,,9/25/2017,Other,Boris Middleton,2883395
Germany,,3/24/2016,Other,Brenda Mooney,2800182
Germany,,10/2/2015,Other,Kenneth Perez,2793929
Switzerland,1/30/2017,3/17/2016,Other,Blaze Stokes,2892053
Austria,,7/25/2016,Other,Michael Vinson,2888686
Germany,2/19/2017,10/22/2016,Other,Dominic Sweet,2874256
Austria,4/29/2017,2/23/2017,Other,Chadwick Duffy,2880509
Switzerland,,8/19/2016,Other,Damon Rogers,2892534
Switzerland,4/23/2016,3/22/2015,Other,Caesar Newton,2888205
UK,,5/2/2017,Other,Caesar Newton,2888205
Austria,,9/11/2016,Other,Gregory Morgan,2893015
UK,9/11/2016,12/23/2015,Other,Gregory Morgan,2893015
Netherlands,,1/14/2016,Other,Piper Garner,2884838
France,8/2/2016,1/2/2016,Other,Lewis Hardy,2793448
Austria,,11/24/2015,Other,Quintessa Crosby,2660692
Germany,,11/6/2015,Other,Savannah Barr,2893496
Switzerland,10/16/2016,8/27/2015,Other,Brennan Duncan,2893977
Austria,1/17/2016,1/27/2015,Other,Hop Meadows,2748234
Switzerland,,3/20/2016,Other,Deacon Wilkerson,2894458
Germany,3/20/2016,5/23/2015,Other,Deacon Wilkerson,2894458
France,1/20/2016,12/23/2014,Other,Raphael Morrison,2839143
Switzerland,,10/16/2016,Other,Brennan Duncan,2893977
Germany,12/23/2015,8/8/2015,Other,Gregory Morgan,2893015
US,,7/4/2017,Other,Petra Weiss,2873775
Netherlands,10/21/2016,9/17/2015,Other,Dustin Jacobs,2860788
Netherlands,,2/28/2015,Other,Shelby Hayden,2894939
US,1/5/2016,4/7/2015,Other,Yuri Haynes,2820865
UK,,11/23/2015,Other,Medge Barrett,2832890
UK,12/31/2015,2/2/2015,Other,Dale Stanton,2847801
UK,8/18/2016,10/1/2015,Other,Heather Rojas,2895420
Austria,11/22/2017,8/18/2016,Other,Heather Rojas,2895420
UK,,10/15/2016,Other,Adele Carson,2858383
Austria,7/21/2015,2/13/2015,Other,Neve Acosta,2895901
Switzerland,,8/2/2016,Other,Lewis Hardy,2793448
France,10/4/2016,2/26/2016,Other,Vielka Miller,2896382
Switzerland,,6/17/2015,Other,Merritt Santana,2896863
Switzerland,2/2/2015,1/11/2015,Other,Dale Stanton,2847801
Switzerland,,5/2/2016,Other,Neve Acosta,2895901
Netherlands,5/2/2016,7/21/2015,Other,Neve Acosta,2895901
Netherlands,,4/16/2016,Other,Justina Scott,2897344
UK,,7/6/2017,Other,Kareem Burnett,2890610
Switzerland,7/25/2016,6/6/2015,Other,Michael Vinson,2888686
Austria,,1/1/2018,Other,Forrest Mason,2891091
UK,,6/9/2015,Other,Griffin Walter,2862231
UK,2/23/2016,5/9/2015,Other,Colleen Shields,2897825
Austria,8/19/2016,9/3/2015,Other,Damon Rogers,2892534
Austria,,11/22/2017,Other,Heather Rojas,2895420
Austria,1/1/2018,12/18/2016,Other,Yen Wall,2876180
Austria,9/20/2015,8/14/2015,Other,Charissa Santos,2878104
Netherlands,,9/7/2015,Other,Clinton Henry,2845877
Netherlands,,10/7/2015,Other,Astra Wolf,2796334
UK,2/26/2016,1/26/2015,Other,Vielka Miller,2896382
Netherlands,1/10/2017,1/6/2016,Other,Grant Mcmahon,2843472
Netherlands,12/7/2016,4/3/2016,Other,Kennan Wolfe,2898306
Austria,,3/3/2017,Other,Dakota Goff,2857902
Netherlands,,6/12/2017,Other,Aretha Hull,2855497
Austria,5/5/2017,7/5/2016,Other,Cole Church,2765550
Austria,,2/15/2016,Other,Hop Meadows,2748234
UK,,6/27/2016,Other,Fatima Donovan,2741500
Austria,,11/8/2015,Other,Anthony Reed,2790562
UK,11/21/2015,2/1/2015,Other,Bryar Morrison,2808840
UK,,2/23/2016,Other,Colleen Shields,2897825
UK,6/4/2016,12/11/2015,Other,Dorothy Fletcher,2898787
Netherlands,,12/23/2017,Other,Blaze Stokes,2892053
US,12/19/2015,7/24/2015,Other,Adele Espinoza,2853573
Netherlands,,9/26/2015,Other,Zena Schmidt,2899268
France,6/5/2015,2/13/2015,Other,Harlan Downs,2837219
UK,,4/19/2016,Other,Kirby Hubbard,2737652
Austria,7/8/2016,2/8/2016,Other,Omar Morris,2766512
US,,7/31/2016,Other,Sasha Stephenson,2889167
Switzerland,,7/27/2015,Other,Blake Barry,2899749
UK,,4/3/2016,Other,Buffy Page,2852130
Germany,,5/26/2015,Other,Libby Williams,2900230
UK,9/25/2017,9/24/2016,Other,Boris Middleton,2883395
UK,9/13/2016,6/4/2016,Other,Dorothy Fletcher,2898787
Switzerland,,9/17/2015,Other,Isadora Hale,2825675
Switzerland,12/23/2017,1/30/2017,Other,Blaze Stokes,2892053
Switzerland,1/1/2018,12/20/2016,Other,Forrest Mason,2891091
Switzerland,,4/30/2016,Other,Herrod Parsons,2900711
Switzerland,4/30/2016,10/25/2015,Other,Herrod Parsons,2900711
US,,9/13/2016,Other,Dorothy Fletcher,2898787
UK,,3/31/2016,Other,Hannah Cooley,2724665
US,,12/7/2016,Finance,Kennan Wolfe,2898306
UK,,6/25/2015,Other,Francesca Crane,2901192
US,,10/4/2016,Finance,Vielka Miller,2896382
